EmployeeNumber,Age,Department,JobRole,MonthlyIncome,OverTime,JobSatisfaction,YearsAtCompany,WorkLifeBalance,PerformanceRating,YearsSinceLastPromotion,Attrition
1,41,Sales,Sales Executive,5993,Yes,4,6,1,3,0,Yes
2,49,Research & Development,Research Scientist,5130,No,2,10,3,4,1,No
4,37,Research & Development,Laboratory Technician,2090,Yes,3,0,3,3,0,Yes
5,33,Research & Development,Research Scientist,2909,Yes,3,8,3,3,3,No
7,27,Research & Development,Laboratory Technician,3468,No,2,2,3,3,2,No
8,32,Research & Development,Laboratory Technician,3068,No,4,7,2,3,3,No
10,59,Research & Development,Laboratory Technician,2670,Yes,1,1,2,4,0,No
11,30,Research & Development,Laboratory Technician,2693,No,3,1,3,4,0,No
12,38,Research & Development,Manufacturing Director,9526,No,3,9,3,4,1,No
13,36,Research & Development,Healthcare Representative,5237,No,3,7,2,3,7,No
14,35,Research & Development,Laboratory Technician,2426,No,2,5,3,3,0,No
15,29,Research & Development,Laboratory Technician,4193,Yes,3,9,3,3,0,No
16,31,Research & Development,Research Scientist,2911,No,3,5,2,3,4,No
18,34,Research & Development,Laboratory Technician,2661,No,4,2,3,3,1,No
19,28,Research & Development,Laboratory Technician,2028,Yes,3,4,3,3,0,Yes
20,29,Research & Development,Manufacturing Director,9980,No,1,10,3,3,8,No
21,32,Research & Development,Research Scientist,3298,Yes,2,6,2,3,0,No
22,22,Research & Development,Laboratory Technician,2935,Yes,4,1,2,3,0,No
23,53,Sales,Manager,15427,No,4,25,3,3,3,No
24,38,Research & Development,Research Scientist,3944,Yes,4,3,3,3,1,No
26,24,Research & Development,Manufacturing Director,4011,No,3,4,2,3,1,No
27,36,Sales,Sales Representative,3407,No,1,5,3,4,0,Yes
28,34,Research & Development,Research Director,11994,No,2,12,3,3,2,No
30,21,Research & Development,Research Scientist,1232,No,4,0,3,3,0,No
31,34,Research & Development,Research Scientist,2960,No,1,4,3,3,1,Yes
32,53,Research & Development,Manager,19094,No,3,14,2,3,4,No
33,32,Research & Development,Research Scientist,3919,Yes,1,10,3,4,6,Yes
35,42,Sales,Sales Executive,6825,No,2,9,3,3,4,No
36,44,Research & Development,Healthcare Representative,10248,No,4,22,3,3,5,No
38,46,Sales,Manager,18947,No,1,2,2,3,2,No
39,33,Research & Development,Laboratory Technician,2496,No,4,1,3,3,0,No
40,44,Research & Development,Healthcare Representative,6465,Yes,4,4,4,3,1,No
41,30,Research & Development,Laboratory Technician,2206,No,3,10,3,3,1,No
42,39,Sales,Sales Representative,2086,No,4,1,4,3,0,Yes
45,24,Research & Development,Research Scientist,2293,Yes,4,2,2,3,2,Yes
46,43,Research & Development,Research Scientist,2645,No,3,5,2,3,1,No
47,50,Sales,Sales Representative,2683,Yes,3,3,3,3,0,Yes
49,35,Sales,Sales Representative,2014,No,4,2,3,3,2,No
51,36,Research & Development,Research Scientist,3419,Yes,1,1,4,3,0,No
52,33,Sales,Sales Executive,5376,No,1,5,3,3,1,No
53,35,Research & Development,Laboratory Technician,1951,No,4,1,3,3,0,No
54,27,Research & Development,Laboratory Technician,2341,No,1,1,3,3,0,No
55,26,Research & Development,Laboratory Technician,2293,No,3,1,2,3,0,Yes
56,27,Sales,Sales Executive,8726,No,3,9,3,3,1,No
57,30,Research & Development,Laboratory Technician,4011,No,4,12,3,4,3,No
58,41,Research & Development,Research Director,19545,No,3,22,3,3,15,Yes
60,34,Sales,Sales Executive,4568,No,3,9,3,4,8,No
61,37,Research & Development,Research Scientist,3022,No,2,1,3,4,0,No
62,46,Sales,Sales Executive,5772,Yes,4,9,3,4,0,No
63,35,Research & Development,Laboratory Technician,2269,No,4,1,3,3,0,No
64,48,Research & Development,Laboratory Technician,5381,Yes,3,1,3,3,0,Yes
65,28,Research & Development,Laboratory Technician,3441,Yes,3,2,2,3,2,Yes
68,44,Sales,Sales Executive,5454,Yes,1,4,2,4,1,No
70,35,Research & Development,Healthcare Representative,9884,Yes,1,4,3,3,2,No
72,26,Sales,Sales Executive,4157,Yes,4,2,2,3,0,No
73,33,Research & Development,Research Director,13458,Yes,4,15,3,3,8,No
74,35,Sales,Sales Executive,9069,No,1,9,2,4,1,No
75,35,Research & Development,Laboratory Technician,4014,Yes,1,2,3,3,2,No
76,31,Research & Development,Laboratory Technician,5915,No,4,7,2,4,1,No
77,37,Research & Development,Manufacturing Director,5993,No,3,7,4,3,0,No
78,32,Research & Development,Manufacturing Director,6162,Yes,4,9,3,4,7,No
79,38,Research & Development,Laboratory Technician,2406,No,4,10,3,3,9,No
80,50,Research & Development,Research Director,18740,Yes,3,27,2,3,13,No
81,59,Sales,Sales Executive,7637,No,1,21,2,3,7,No
83,36,Research & Development,Healthcare Representative,10096,No,3,17,3,3,12,No
84,55,Research & Development,Manager,14756,Yes,3,5,3,3,0,No
85,36,Research & Development,Manufacturing Director,6499,No,2,6,3,3,0,No
86,45,Research & Development,Research Scientist,9724,No,1,1,3,3,0,No
88,35,Research & Development,Research Scientist,2194,No,1,3,2,3,1,No
90,36,Research & Development,Research Scientist,3388,Yes,3,1,2,3,0,Yes
91,59,Sales,Sales Executive,5473,No,3,4,2,3,1,No
94,29,Research & Development,Research Scientist,2703,No,2,5,3,4,0,No
95,31,Research & Development,Research Scientist,2501,No,2,1,3,3,1,No
96,32,Research & Development,Research Scientist,6220,No,2,10,3,3,0,No
97,36,Research & Development,Laboratory Technician,3038,No,4,1,3,3,0,No
98,31,Research & Development,Manufacturing Director,4424,No,4,11,3,4,1,No
100,35,Sales,Sales Executive,4312,No,1,15,3,3,2,No
101,45,Research & Development,Research Director,13245,Yes,1,0,4,3,0,No
102,37,Research & Development,Research Director,13664,No,3,5,4,3,0,No
103,46,Human Resources,Human Resources,5021,Yes,2,4,3,4,0,No
104,30,Research & Development,Laboratory Technician,5126,Yes,4,10,2,3,3,No
105,35,Research & Development,Research Scientist,2859,No,3,6,3,3,0,No
106,55,Sales,Sales Executive,10239,No,4,1,3,3,1,No
107,38,Research & Development,Research Scientist,5329,Yes,4,13,3,3,1,No
110,34,Research & Development,Manufacturing Director,4325,No,2,5,3,3,1,No
112,56,Research & Development,Manufacturing Director,7260,No,4,6,2,3,0,No
113,23,Sales,Sales Representative,2322,No,1,0,3,3,0,No
116,51,Research & Development,Laboratory Technician,2075,No,4,4,3,4,0,No
117,30,Research & Development,Healthcare Representative,4152,No,4,11,3,3,10,No
118,46,Sales,Sales Executive,9619,No,4,9,3,3,4,Yes
119,40,Research & Development,Healthcare Representative,13503,No,2,22,2,4,11,No
120,51,Sales,Sales Executive,5441,Yes,4,10,1,4,1,No
121,30,Sales,Sales Executive,5209,Yes,2,11,2,3,2,No
124,46,Research & Development,Healthcare Representative,10673,Yes,1,10,2,3,9,No
125,32,Sales,Sales Executive,5010,No,3,11,3,3,5,No
126,54,Research & Development,Research Director,13549,No,3,4,1,3,0,No
128,24,Sales,Sales Executive,4999,No,3,3,2,4,0,No
129,28,Sales,Sales Executive,4221,No,3,5,4,3,0,No
131,58,Sales,Sales Executive,13872,No,3,37,2,3,1,No
132,44,Research & Development,Laboratory Technician,2042,No,2,3,4,3,1,No
133,37,Human Resources,Human Resources,2073,Yes,1,3,3,4,0,Yes
134,32,Research & Development,Research Scientist,2956,No,1,1,3,3,0,No
137,20,Research & Development,Laboratory Technician,2926,Yes,4,1,3,3,1,Yes
138,34,Research & Development,Research Scientist,4809,No,3,16,3,3,2,No
139,37,Research & Development,Healthcare Representative,5163,No,4,1,4,3,0,No
140,59,Human Resources,Manager,18844,No,4,3,3,4,2,No
141,50,Research & Development,Research Director,18172,Yes,2,8,2,3,0,No
142,25,Sales,Sales Executive,5744,Yes,3,6,3,3,0,Yes
143,25,Research & Development,Research Scientist,2889,No,4,2,3,3,2,No
144,22,Research & Development,Laboratory Technician,2871,No,4,0,3,3,0,No
145,51,Research & Development,Healthcare Representative,7484,No,1,13,2,4,12,No
147,34,Research & Development,Laboratory Technician,6074,Yes,3,9,3,4,0,Yes
148,54,Human Resources,Manager,17328,Yes,4,5,3,3,4,No
150,24,Research & Development,Laboratory Technician,2774,No,3,5,3,3,1,No
151,34,Research & Development,Research Scientist,4505,No,2,1,3,3,0,No
152,37,Sales,Sales Executive,7428,No,4,5,3,3,1,No
153,34,Research & Development,Manager,11631,No,1,11,3,3,5,No
154,36,Sales,Sales Executive,9738,No,4,9,3,3,2,No
155,36,Research & Development,Laboratory Technician,2835,No,4,1,3,4,0,No
158,43,Sales,Manager,16959,Yes,4,25,4,3,4,No
159,30,Research & Development,Research Scientist,2613,No,3,10,2,4,0,No
160,33,Sales,Sales Executive,6146,No,2,7,4,3,0,No
161,56,Research & Development,Research Scientist,4963,Yes,2,5,3,3,4,Yes
162,51,Research & Development,Research Director,19537,No,3,20,3,3,15,No
163,31,Sales,Sales Executive,6172,Yes,3,7,2,3,7,Yes
164,26,Research & Development,Research Scientist,2368,No,2,5,2,3,4,No
165,58,Research & Development,Healthcare Representative,10312,No,4,40,2,3,15,Yes
167,19,Sales,Sales Representative,1675,Yes,3,0,2,3,0,Yes
169,22,Research & Development,Laboratory Technician,2523,No,4,2,3,3,2,No
170,49,Research & Development,Manufacturing Director,6567,No,1,15,2,3,5,No
171,43,Research & Development,Research Scientist,4739,No,3,3,3,3,1,No
174,50,Sales,Sales Executive,9208,No,4,2,3,3,2,No
175,31,Sales,Sales Executive,4559,Yes,3,2,3,3,2,Yes
176,41,Sales,Sales Executive,8189,Yes,3,9,3,3,0,No
177,26,Human Resources,Human Resources,2942,No,3,8,3,4,5,No
178,36,Research & Development,Manufacturing Director,4941,No,2,3,3,4,0,No
179,51,Research & Development,Manufacturing Director,10650,No,4,4,3,3,0,Yes
182,39,Sales,Sales Executive,5902,No,3,15,4,3,5,No
183,25,Sales,Sales Executive,8639,No,3,2,3,3,2,No
184,30,Human Resources,Human Resources,6347,Yes,4,11,1,3,4,No
190,32,Research & Development,Laboratory Technician,4200,No,1,5,4,4,0,Yes
192,45,Research & Development,Research Scientist,3452,No,4,6,2,3,0,No
193,38,Research & Development,Research Scientist,4317,Yes,3,3,3,4,2,No
194,30,Research & Development,Research Scientist,2632,No,3,5,2,3,0,No
195,32,Sales,Sales Executive,4668,No,4,8,4,3,0,No
197,30,Research & Development,Research Scientist,3204,No,1,3,3,3,2,No
198,30,Research & Development,Laboratory Technician,2720,No,4,5,3,3,1,No
199,41,Research & Development,Manager,17181,No,1,7,2,3,7,No
200,41,Research & Development,Laboratory Technician,2238,No,1,5,3,4,1,No
201,19,Research & Development,Laboratory Technician,1483,No,2,1,3,3,0,No
202,40,Research & Development,Research Scientist,5605,No,2,20,3,3,2,No
204,35,Sales,Sales Executive,7295,No,2,10,3,3,0,No
205,53,Sales,Sales Representative,2306,Yes,3,7,1,4,4,No
206,45,Research & Development,Laboratory Technician,2348,No,2,17,1,3,0,No
207,32,Sales,Sales Executive,8998,No,4,9,3,3,3,No
208,29,Research & Development,Manufacturing Director,4319,No,3,10,3,3,0,No
211,51,Research & Development,Manufacturing Director,6132,No,3,1,3,3,0,No
214,58,Research & Development,Research Scientist,3346,Yes,2,1,2,4,0,No
215,40,Sales,Sales Executive,10855,No,4,12,2,3,2,No
216,34,Sales,Sales Representative,2231,No,3,4,3,3,1,No
217,22,Research & Development,Research Scientist,2323,No,4,2,3,4,2,No
218,27,Research & Development,Research Scientist,2024,No,2,2,1,3,2,No
221,28,Research & Development,Research Scientist,2713,No,4,5,1,3,0,No
223,57,Research & Development,Healthcare Representative,9439,Yes,4,5,1,3,1,No
224,27,Research & Development,Research Scientist,2566,Yes,3,1,2,3,0,No
226,50,Research & Development,Manager,19926,No,2,5,3,3,4,No
227,41,Research & Development,Research Scientist,2451,No,3,9,3,3,1,No
228,30,Sales,Sales Executive,9419,No,4,10,3,3,7,No
230,38,Sales,Sales Executive,8686,No,4,8,4,4,0,No
231,32,Research & Development,Research Scientist,3038,No,3,5,3,4,1,No
233,27,Research & Development,Research Scientist,3058,Yes,2,5,2,3,1,No
235,19,Sales,Sales Representative,2325,No,1,0,4,4,0,Yes
238,36,Research & Development,Laboratory Technician,2088,No,2,8,2,3,7,No
239,30,Research & Development,Laboratory Technician,3072,No,1,12,3,3,6,No
240,45,Sales,Sales Executive,5006,Yes,1,5,4,3,0,No
241,56,Research & Development,Research Scientist,4257,Yes,1,2,3,3,2,No
242,33,Research & Development,Research Scientist,2500,No,4,3,4,3,0,No
243,19,Research & Development,Laboratory Technician,1102,No,4,1,2,4,1,Yes
244,46,Sales,Sales Executive,10453,No,1,24,3,4,15,No
245,38,Research & Development,Laboratory Technician,2288,No,4,2,3,3,2,No
246,31,Research & Development,Research Scientist,3929,Yes,4,4,3,4,0,No
247,34,Research & Development,Research Scientist,2311,No,2,3,3,3,1,No
248,41,Sales,Sales Representative,3140,Yes,2,4,2,4,0,Yes
249,50,Research & Development,Laboratory Technician,3690,No,3,3,2,3,0,No
250,53,Research & Development,Manufacturing Director,4450,No,1,4,3,3,1,No
252,33,Research & Development,Research Scientist,2756,No,2,8,3,3,1,No
253,40,Research & Development,Manager,19033,No,3,20,3,3,9,No
254,55,Research & Development,Research Director,18722,No,2,24,3,3,2,No
256,34,Research & Development,Manufacturing Director,9547,No,3,10,2,3,1,No
258,51,Research & Development,Healthcare Representative,13734,No,2,7,3,3,1,No
259,52,Research & Development,Manager,19999,No,3,33,3,3,11,No
260,27,Research & Development,Research Scientist,2279,No,2,7,2,3,0,No
261,35,Research & Development,Manufacturing Director,5916,Yes,3,1,3,3,0,Yes
262,43,Research & Development,Research Scientist,2089,No,4,5,4,3,2,No
264,45,Research & Development,Manager,16792,No,4,20,3,4,11,No
267,37,Research & Development,Research Scientist,3564,Yes,1,8,2,3,1,No
269,35,Research & Development,Laboratory Technician,4425,No,2,6,3,3,1,No
270,42,Research & Development,Manufacturing Director,5265,No,3,5,3,3,0,No
271,38,Research & Development,Manufacturing Director,6553,No,3,1,3,3,0,No
273,38,Research & Development,Manufacturing Director,6261,No,4,7,1,3,1,No
274,27,Research & Development,Manufacturing Director,4298,No,1,2,3,3,2,No
275,49,Research & Development,Manufacturing Director,6804,Yes,4,7,3,3,1,No
277,34,Research & Development,Research Scientist,3815,Yes,3,5,4,3,2,No
281,40,Research & Development,Laboratory Technician,2741,Yes,4,7,4,3,3,No
282,38,Research & Development,Healthcare Representative,6673,Yes,1,1,3,3,0,Yes
283,29,Sales,Sales Executive,7639,No,4,10,2,4,1,Yes
284,22,Research & Development,Research Scientist,2328,Yes,2,4,2,3,2,No
286,36,Research & Development,Laboratory Technician,2153,No,4,8,3,3,1,No
287,40,Research & Development,Healthcare Representative,4876,No,4,3,1,3,0,No
288,46,Research & Development,Healthcare Representative,9396,No,1,4,3,3,0,No
291,32,Sales,Sales Executive,10400,No,4,14,2,3,9,Yes
292,30,Research & Development,Manufacturing Director,8474,No,3,11,3,4,5,No
293,27,Sales,Sales Executive,9981,No,3,7,3,3,0,No
296,51,Research & Development,Research Director,12490,No,2,10,1,3,4,No
297,30,Research & Development,Research Scientist,2657,Yes,1,5,3,3,0,Yes
298,41,Sales,Manager,13591,Yes,4,1,3,3,0,No
299,30,Sales,Sales Executive,6696,No,1,6,2,3,0,Yes
300,29,Research & Development,Research Scientist,2058,No,3,6,2,3,1,Yes
302,45,Sales,Sales Executive,8865,No,4,19,3,3,12,No
303,54,Sales,Sales Executive,5940,No,1,6,3,3,0,No
304,36,Research & Development,Laboratory Technician,5914,No,2,13,4,3,3,No
305,33,Research & Development,Research Scientist,2622,No,2,3,3,4,1,No
306,37,Research & Development,Research Director,12185,Yes,4,10,3,3,0,No
307,38,Sales,Sales Executive,10609,No,3,16,2,3,5,No
308,31,Research & Development,Manufacturing Director,4345,No,3,5,3,3,1,No
309,59,Research & Development,Research Scientist,2177,No,4,1,3,3,0,No
311,37,Sales,Sales Representative,2793,No,4,9,3,3,5,No
312,29,Sales,Sales Executive,7918,No,4,11,3,3,4,No
314,35,Sales,Sales Executive,8789,No,3,10,4,3,0,No
315,29,Research & Development,Research Scientist,2389,Yes,4,4,2,3,0,Yes
316,52,Research & Development,Laboratory Technician,3212,No,4,2,2,3,2,No
319,42,Research & Development,Manager,19232,No,4,22,3,3,11,No
321,59,Human Resources,Human Resources,2267,No,3,2,2,3,2,No
323,50,Sales,Manager,19517,No,4,7,2,3,0,No
325,33,Research & Development,Laboratory Technician,2436,Yes,4,5,1,3,0,Yes
327,43,Sales,Manager,16064,Yes,4,17,3,4,1,No
328,33,Research & Development,Laboratory Technician,2707,No,1,9,4,4,1,Yes
329,52,Sales,Manager,19068,Yes,3,33,4,3,15,No
330,32,Sales,Sales Representative,3931,No,2,4,3,3,1,No
331,32,Research & Development,Laboratory Technician,3730,Yes,3,3,1,3,1,Yes
332,39,Research & Development,Laboratory Technician,2232,No,3,3,3,3,1,No
333,32,Sales,Sales Executive,4465,No,4,3,3,3,2,No
334,41,Research & Development,Research Scientist,3072,No,1,1,2,3,0,No
335,40,Research & Development,Research Scientist,3319,No,4,9,3,3,4,No
336,45,Research & Development,Manager,19202,No,4,24,3,3,1,No
337,31,Research & Development,Research Director,13675,No,3,2,3,3,2,No
338,33,Research & Development,Research Scientist,2911,No,4,2,2,3,0,No
339,34,Research & Development,Manufacturing Director,5957,No,1,11,3,3,5,No
340,37,Research & Development,Research Scientist,3920,No,1,3,2,3,0,No
341,45,Research & Development,Manufacturing Director,6434,No,3,3,3,3,0,No
342,37,Research & Development,Manufacturing Director,10048,No,3,1,3,3,0,Yes
343,39,Research & Development,Healthcare Representative,10938,No,3,19,3,4,11,No
346,29,Research & Development,Research Scientist,2340,No,4,6,3,3,1,No
347,42,Research & Development,Research Scientist,6545,Yes,1,3,3,3,0,No
349,29,Sales,Sales Executive,6931,No,4,3,3,3,0,No
350,25,Research & Development,Manufacturing Director,4898,No,3,4,3,3,1,No
351,42,Research & Development,Laboratory Technician,2593,Yes,1,9,3,3,7,No
352,40,Research & Development,Research Director,19436,No,3,21,3,3,3,No
353,51,Research & Development,Research Scientist,2723,No,4,1,2,3,0,No
355,31,Research & Development,Laboratory Technician,3479,No,2,5,4,3,1,Yes
359,32,Research & Development,Laboratory Technician,2794,No,2,5,1,4,0,No
361,38,Sales,Sales Executive,5249,No,4,8,3,3,7,No
362,32,Research & Development,Laboratory Technician,2176,No,1,6,3,3,0,No
363,46,Sales,Manager,16872,Yes,2,7,2,3,7,No
364,28,Research & Development,Laboratory Technician,3485,No,3,0,1,3,0,Yes
366,29,Sales,Sales Executive,6644,No,2,0,3,3,0,No
367,31,Research & Development,Healthcare Representative,5582,No,4,9,3,4,7,No
369,25,Research & Development,Healthcare Representative,4000,No,1,6,3,3,1,No
372,45,Research & Development,Healthcare Representative,13496,Yes,4,20,3,3,4,No
373,36,Research & Development,Laboratory Technician,3210,No,4,15,3,3,10,No
374,55,Research & Development,Manager,19045,Yes,1,36,3,3,4,No
376,47,Research & Development,Manager,11849,Yes,2,10,2,3,9,Yes
377,28,Research & Development,Research Scientist,2070,No,4,5,2,4,0,No
378,37,Sales,Sales Executive,6502,No,4,5,4,3,0,No
379,21,Research & Development,Research Scientist,3230,No,3,3,4,3,1,No
380,37,Research & Development,Research Director,13603,Yes,4,5,3,3,0,No
381,35,Research & Development,Manager,11996,No,2,7,2,3,6,No
382,38,Sales,Sales Executive,5605,Yes,1,8,3,4,7,No
384,26,Research & Development,Manufacturing Director,6397,No,2,6,1,4,1,No
385,50,Research & Development,Research Director,19144,No,2,10,2,3,1,No
386,53,Research & Development,Research Director,17584,Yes,3,5,2,3,1,No
387,42,Sales,Sales Executive,4907,No,3,20,3,4,11,No
388,29,Sales,Sales Executive,4554,No,4,10,2,3,0,No
389,55,Research & Development,Laboratory Technician,5415,Yes,4,10,3,3,0,No
390,26,Research & Development,Healthcare Representative,4741,Yes,1,5,3,3,3,No
391,37,Research & Development,Research Scientist,2115,No,4,17,3,3,5,No
392,44,Research & Development,Laboratory Technician,3161,Yes,3,1,1,4,0,Yes
393,38,Research & Development,Healthcare Representative,5745,No,4,2,3,3,1,No
394,26,Research & Development,Laboratory Technician,2373,Yes,2,3,3,3,0,Yes
395,28,Research & Development,Research Scientist,3310,No,4,5,3,4,0,No
396,49,Research & Development,Research Director,18665,Yes,1,3,3,3,1,No
397,36,Research & Development,Research Scientist,4485,No,2,8,3,3,7,No
399,31,Sales,Sales Representative,2789,No,2,2,2,3,2,No
401,26,Sales,Sales Executive,5828,Yes,4,8,3,3,7,Yes
403,37,Research & Development,Research Scientist,2326,Yes,4,4,2,3,1,No
404,42,Sales,Sales Executive,13525,No,2,20,4,3,4,No
405,18,Research & Development,Laboratory Technician,1420,No,3,0,3,3,0,Yes
406,35,Sales,Sales Executive,8020,No,2,11,2,3,6,No
407,36,Research & Development,Laboratory Technician,3688,No,4,1,3,3,0,No
408,51,Research & Development,Manufacturing Director,5482,No,2,4,3,3,1,No
410,41,Sales,Manager,16015,No,2,22,3,3,0,No
411,18,Sales,Sales Representative,1200,No,3,0,3,3,0,No
412,28,Research & Development,Healthcare Representative,5661,No,1,8,3,3,0,No
416,31,Sales,Sales Executive,6929,No,4,8,2,3,7,No
417,39,Research & Development,Healthcare Representative,9613,No,4,18,2,3,3,No
419,36,Research & Development,Laboratory Technician,5674,No,2,9,3,3,0,No
420,32,Sales,Sales Executive,5484,No,3,13,2,3,4,No
421,38,Research & Development,Research Director,12061,No,2,10,3,3,0,No
422,58,Research & Development,Healthcare Representative,5660,Yes,3,5,3,3,1,No
423,31,Research & Development,Research Scientist,4821,Yes,4,5,3,3,0,No
424,31,Human Resources,Human Resources,6410,No,1,2,3,3,1,No
425,45,Research & Development,Laboratory Technician,5210,No,1,24,3,3,9,No
426,31,Research & Development,Research Scientist,2695,Yes,4,2,1,3,2,No
428,33,Research & Development,Manager,11878,No,2,10,3,3,8,No
429,39,Research & Development,Manager,17068,Yes,1,21,3,3,11,No
430,43,Research & Development,Laboratory Technician,2455,No,4,8,3,3,1,No
431,49,Research & Development,Healthcare Representative,13964,Yes,3,7,3,3,0,No
433,52,Research & Development,Research Scientist,4941,No,2,8,2,3,7,Yes
434,27,Research & Development,Research Scientist,2478,Yes,2,4,2,3,1,No
436,32,Sales,Sales Executive,5228,Yes,2,13,3,3,11,No
437,27,Sales,Sales Executive,4478,Yes,3,5,3,3,0,No
438,31,Sales,Sales Executive,7547,No,4,7,3,3,1,No
439,32,Research & Development,Research Scientist,5055,No,4,7,2,3,0,No
440,28,Research & Development,Research Scientist,3464,Yes,4,3,2,3,2,Yes
441,30,Research & Development,Research Scientist,5775,No,4,10,3,3,1,No
442,31,Research & Development,Manufacturing Director,8943,No,3,10,3,4,8,No
444,39,Research & Development,Manager,19272,No,4,21,3,3,13,No
445,39,Sales,Sales Executive,5238,Yes,3,1,2,3,0,Yes
446,33,Sales,Sales Executive,4682,No,4,7,2,3,0,No
447,47,Research & Development,Research Director,18300,No,3,3,3,3,1,No
448,43,Research & Development,Laboratory Technician,5257,No,3,9,4,3,0,No
449,27,Sales,Sales Executive,6349,Yes,2,5,3,3,1,No
450,54,Research & Development,Research Scientist,4869,No,3,4,2,3,0,No
451,43,Research & Development,Healthcare Representative,9985,No,1,1,2,3,0,No
452,45,Research & Development,Research Scientist,3697,No,4,10,3,3,9,No
453,40,Sales,Sales Executive,7457,Yes,4,4,2,4,0,No
454,29,Research & Development,Laboratory Technician,2119,Yes,1,7,2,3,0,Yes
455,29,Research & Development,Laboratory Technician,3983,No,4,3,3,3,2,No
456,30,Sales,Sales Executive,6118,No,3,10,3,3,1,No
458,27,Sales,Sales Executive,6214,No,2,8,3,3,0,No
460,37,Research & Development,Manufacturing Director,6347,No,4,6,2,3,0,No
461,38,Research & Development,Research Director,11510,Yes,4,11,3,3,2,No
462,31,Research & Development,Manufacturing Director,7143,Yes,4,11,2,3,4,No
463,29,Sales,Sales Executive,8268,Yes,2,7,3,3,1,No
464,35,Research & Development,Manufacturing Director,8095,No,2,16,3,3,0,No
465,23,Research & Development,Research Scientist,2904,No,4,4,2,3,0,No
466,41,Research & Development,Manufacturing Director,6032,Yes,2,5,3,3,1,No
467,47,Sales,Sales Representative,2976,No,3,0,3,3,0,No
468,42,Research & Development,Research Director,15992,No,4,1,3,3,0,No
469,29,Sales,Sales Executive,4649,No,3,4,2,3,0,No
470,42,Human Resources,Human Resources,2696,Yes,3,3,3,3,1,No
471,32,Research & Development,Laboratory Technician,2370,No,2,8,3,3,0,No
473,48,Sales,Manager,12504,No,3,0,1,4,0,No
474,37,Research & Development,Research Scientist,5974,Yes,1,7,3,3,6,No
475,30,Sales,Sales Executive,4736,Yes,3,2,4,3,2,No
476,26,Sales,Sales Executive,5296,No,3,8,3,3,7,No
477,42,Research & Development,Healthcare Representative,6781,No,4,1,3,4,0,No
478,21,Sales,Sales Representative,2174,Yes,2,3,3,3,1,Yes
479,36,Sales,Sales Executive,6653,No,4,1,3,3,0,No
481,36,Sales,Sales Executive,9699,No,4,13,3,3,1,No
482,57,Research & Development,Healthcare Representative,6755,No,3,3,3,3,1,No
483,40,Research & Development,Laboratory Technician,2213,Yes,3,7,3,3,1,No
484,21,Sales,Sales Representative,2610,No,4,3,2,4,2,No
485,33,Sales,Sales Representative,2851,Yes,3,1,3,3,0,Yes
486,37,Research & Development,Laboratory Technician,3452,No,1,5,3,4,0,No
487,46,Research & Development,Manufacturing Director,5258,No,3,1,4,3,0,No
488,41,Sales,Sales Executive,9355,No,2,8,3,3,7,Yes
491,50,Research & Development,Healthcare Representative,10496,No,4,4,3,3,1,No
492,40,Sales,Sales Executive,6380,Yes,3,6,3,3,1,Yes
493,31,Research & Development,Research Scientist,2657,Yes,2,2,3,3,2,No
494,21,Sales,Sales Representative,2716,No,2,1,3,3,0,Yes
495,29,Research & Development,Research Scientist,2201,No,4,3,3,3,1,No
496,35,Research & Development,Healthcare Representative,6540,No,2,1,3,3,0,No
497,27,Research & Development,Laboratory Technician,3816,No,2,5,3,3,0,No
498,28,Sales,Sales Executive,5253,No,4,7,3,3,0,No
499,49,Research & Development,Healthcare Representative,10965,No,3,5,3,4,0,No
500,51,Sales,Sales Executive,4936,No,4,7,2,3,0,No
501,36,Research & Development,Research Scientist,2543,No,3,2,3,3,2,No
502,34,Sales,Sales Executive,5304,Yes,4,5,2,3,0,Yes
505,55,Research & Development,Manager,16659,Yes,4,5,3,3,1,No
507,24,Sales,Sales Executive,4260,Yes,3,5,4,3,0,No
508,30,Sales,Sales Representative,2476,No,2,1,3,3,0,No
510,26,Research & Development,Research Scientist,3102,No,1,6,3,4,0,Yes
511,22,Research & Development,Research Scientist,2244,No,2,2,3,3,1,No
513,36,Sales,Sales Executive,7596,No,3,10,3,3,9,No
514,30,Research & Development,Research Scientist,2285,Yes,4,1,3,4,0,Yes
515,37,Research & Development,Laboratory Technician,3034,No,1,18,2,3,12,No
516,40,Sales,Sales Executive,5715,No,2,5,3,3,1,No
517,42,Research & Development,Laboratory Technician,2576,No,1,5,3,3,1,No
518,37,Research & Development,Manufacturing Director,4197,Yes,2,1,2,3,0,No
520,43,Research & Development,Research Director,14336,No,2,25,3,3,3,No
521,40,Research & Development,Laboratory Technician,3448,No,3,1,3,4,0,No
522,54,Research & Development,Research Director,19406,No,1,4,2,3,1,No
523,34,Sales,Sales Executive,6538,No,3,3,3,3,1,No
524,31,Research & Development,Manufacturing Director,4306,No,1,13,1,3,3,No
525,43,Research & Development,Laboratory Technician,2258,No,4,3,3,4,1,No
526,43,Research & Development,Healthcare Representative,4522,Yes,3,5,3,3,0,No
527,25,Sales,Sales Executive,4487,Yes,4,5,3,3,1,No
529,37,Research & Development,Research Scientist,4449,Yes,3,13,3,3,10,No
530,31,Research & Development,Laboratory Technician,2218,No,1,4,3,3,3,No
531,39,Research & Development,Manager,19197,Yes,3,21,3,3,1,No
532,56,Sales,Sales Executive,13212,No,1,7,2,3,7,No
533,30,Sales,Sales Executive,6577,No,3,5,3,3,4,No
534,41,Sales,Sales Executive,8392,No,1,10,3,3,0,No
536,28,Research & Development,Laboratory Technician,4558,No,1,10,3,3,1,No
538,25,Research & Development,Laboratory Technician,4031,No,1,2,3,3,0,Yes
543,52,Research & Development,Manufacturing Director,7969,Yes,3,5,3,3,0,No
544,45,Research & Development,Research Scientist,2654,No,4,2,2,4,0,No
546,52,Research & Development,Manager,16555,No,4,5,1,3,1,No
547,42,Research & Development,Research Scientist,4556,No,3,5,3,3,0,No
548,30,Research & Development,Manufacturing Director,6091,No,4,5,3,4,0,No
549,60,Research & Development,Manager,19566,No,1,29,1,3,11,No
550,46,Research & Development,Manufacturing Director,4810,No,3,10,2,3,0,No
551,42,Research & Development,Healthcare Representative,4523,No,4,6,4,3,0,No
554,24,Sales,Sales Representative,3202,Yes,2,5,3,3,1,Yes
555,34,Sales,Sales Representative,2351,No,3,2,2,3,1,Yes
556,38,Research & Development,Laboratory Technician,1702,Yes,4,1,3,4,0,No
558,40,Sales,Manager,18041,No,3,20,3,3,1,No
560,26,Research & Development,Research Scientist,2886,No,4,3,1,4,0,No
562,30,Research & Development,Laboratory Technician,2097,No,4,5,1,3,1,No
564,29,Research & Development,Research Director,11935,No,3,10,3,3,0,No
565,29,Research & Development,Research Scientist,2546,No,2,2,4,3,1,Yes
566,19,Human Resources,Human Resources,2564,No,4,1,4,3,0,Yes
567,30,Sales,Sales Executive,8412,No,1,9,3,3,7,No
568,57,Sales,Manager,14118,No,4,1,2,3,0,No
569,50,Research & Development,Manager,17046,No,3,27,3,3,15,No
571,30,Research & Development,Laboratory Technician,2564,No,4,11,2,3,6,No
573,60,Sales,Sales Executive,10266,No,1,18,4,3,13,No
574,47,Research & Development,Manufacturing Director,5070,No,4,5,3,3,0,No
575,46,Research & Development,Research Director,17861,No,3,3,1,3,0,No
577,35,Research & Development,Laboratory Technician,4230,No,3,5,3,3,4,No
578,54,Research & Development,Laboratory Technician,3780,No,3,1,3,3,0,No
579,34,Research & Development,Research Scientist,2768,No,3,7,3,3,5,No
580,46,Sales,Sales Executive,9071,Yes,4,3,3,3,1,No
581,31,Research & Development,Manufacturing Director,10648,No,2,13,4,4,0,No
582,33,Research & Development,Manager,13610,Yes,3,7,4,3,7,Yes
584,33,Research & Development,Laboratory Technician,3408,No,4,4,3,3,1,Yes
585,30,Sales,Sales Representative,2983,No,2,3,3,3,1,No
586,35,Research & Development,Healthcare Representative,7632,Yes,3,8,3,3,0,No
587,31,Research & Development,Healthcare Representative,9824,No,3,1,3,3,0,Yes
590,34,Human Resources,Human Resources,9950,Yes,1,3,3,3,0,Yes
591,42,Research & Development,Laboratory Technician,2093,No,3,2,3,3,2,No
592,36,Sales,Sales Executive,9980,No,4,10,2,3,9,No
593,22,Research & Development,Laboratory Technician,3894,No,3,2,3,3,1,Yes
595,48,Sales,Sales Executive,4051,No,4,9,3,3,6,No
597,55,Sales,Manager,16835,No,2,10,3,4,7,No
599,41,Sales,Sales Executive,6230,No,4,14,3,3,1,No
600,35,Sales,Sales Executive,4717,No,3,11,3,3,6,No
601,40,Research & Development,Manufacturing Director,13237,No,3,20,3,3,5,No
602,39,Research & Development,Laboratory Technician,3755,No,3,8,3,3,0,No
604,31,Sales,Sales Executive,6582,Yes,4,6,4,3,0,No
605,42,Research & Development,Manufacturing Director,7406,Yes,1,10,2,4,5,No
606,45,Sales,Sales Executive,4805,No,2,8,4,3,3,No
608,26,Human Resources,Human Resources,2741,Yes,3,7,2,3,1,Yes
611,29,Research & Development,Manufacturing Director,4262,No,4,3,4,3,1,No
612,33,Research & Development,Research Director,16184,No,3,6,3,3,0,No
613,31,Sales,Manager,11557,No,4,5,2,4,0,No
614,18,Sales,Sales Representative,1878,Yes,2,0,3,3,0,Yes
615,40,Sales,Sales Executive,10932,No,1,1,3,3,0,No
616,41,Research & Development,Healthcare Representative,6811,Yes,3,8,3,3,0,No
618,26,Sales,Sales Executive,4306,No,3,0,3,3,0,No
620,35,Sales,Sales Executive,4859,No,3,5,3,3,0,No
621,34,Sales,Sales Executive,5337,No,4,10,3,3,5,No
622,26,Research & Development,Laboratory Technician,2340,Yes,4,1,1,3,0,Yes
623,37,Research & Development,Manufacturing Director,7491,No,4,6,4,3,1,No
624,46,Research & Development,Healthcare Representative,10527,No,3,2,2,3,1,No
625,41,Sales,Manager,16595,No,1,18,3,3,11,No
626,37,Sales,Sales Executive,8834,No,2,9,3,3,7,No
630,52,Research & Development,Research Scientist,5577,Yes,1,10,3,3,6,No
631,32,Sales,Sales Executive,4707,No,3,4,3,3,1,Yes
632,24,Sales,Sales Representative,2400,No,4,2,3,3,2,No
634,38,Research & Development,Healthcare Representative,9824,No,3,1,3,3,0,No
635,37,Research & Development,Manufacturing Director,6447,No,2,6,2,3,4,No
638,49,Research & Development,Research Director,19502,Yes,3,31,3,3,0,No
639,24,Research & Development,Research Scientist,2725,Yes,4,6,3,3,1,No
641,26,Sales,Sales Executive,6272,No,2,5,4,4,1,No
643,24,Research & Development,Laboratory Technician,2127,No,2,1,3,4,0,No
644,50,Human Resources,Manager,18200,No,2,32,3,3,10,No
645,25,Sales,Sales Representative,2096,No,3,7,3,3,0,No
647,24,Research & Development,Laboratory Technician,2886,Yes,3,6,3,3,1,Yes
648,30,Sales,Sales Representative,2033,No,1,1,4,3,0,Yes
649,34,Research & Development,Research Scientist,3622,Yes,4,6,3,3,1,No
650,31,Sales,Sales Executive,4233,No,1,3,1,3,1,Yes
652,35,Research & Development,Laboratory Technician,3681,No,4,3,3,3,0,No
653,31,Sales,Sales Executive,5460,No,4,7,4,4,5,No
655,27,Research & Development,Research Scientist,2187,No,3,5,2,3,0,No
656,37,Sales,Sales Executive,9602,Yes,3,3,2,3,1,No
657,20,Research & Development,Research Scientist,2836,No,2,1,4,3,0,No
659,42,Research & Development,Healthcare Representative,4089,No,4,10,3,3,2,No
661,43,Research & Development,Research Director,16627,Yes,4,1,2,3,0,No
662,38,Research & Development,Research Scientist,2619,No,1,0,2,3,0,No
663,43,Research & Development,Laboratory Technician,5679,Yes,3,8,3,3,4,No
664,48,Research & Development,Manager,15402,No,1,3,1,3,0,No
665,44,Human Resources,Human Resources,5985,No,3,2,4,3,0,No
666,34,Sales,Sales Representative,2579,Yes,3,8,3,3,0,No
667,27,Sales,Sales Representative,3041,No,1,4,3,3,0,Yes
669,21,Sales,Sales Representative,3447,No,3,3,3,3,1,No
671,44,Research & Development,Manager,19513,Yes,4,2,4,3,0,No
675,22,Research & Development,Research Scientist,2773,No,3,2,3,4,2,No
677,33,Sales,Sales Executive,7104,No,3,5,3,3,1,No
679,32,Research & Development,Research Scientist,6322,Yes,4,6,2,3,0,No
680,30,Research & Development,Research Scientist,2083,No,3,1,3,4,0,No
682,53,Sales,Sales Executive,8381,No,1,14,4,4,8,No
683,34,Research & Development,Research Scientist,2691,No,4,10,2,3,8,No
684,45,Sales,Sales Executive,4286,No,1,1,3,3,0,Yes
686,26,Research & Development,Laboratory Technician,2659,Yes,4,3,3,3,0,No
689,37,Research & Development,Manufacturing Director,9434,No,3,10,3,3,7,No
690,29,Sales,Sales Executive,5561,No,3,6,2,3,1,No
691,35,Research & Development,Research Scientist,6646,No,4,17,3,3,11,No
692,33,Research & Development,Healthcare Representative,7725,No,4,13,1,4,4,No
698,54,Human Resources,Human Resources,10725,No,2,9,4,3,7,No
699,36,Research & Development,Manufacturing Director,8847,Yes,2,3,3,3,0,No
700,27,Research & Development,Research Scientist,2045,No,4,4,3,3,1,No
701,20,Research & Development,Research Scientist,1009,Yes,3,1,3,3,1,Yes
702,33,Research & Development,Research Scientist,3348,Yes,1,10,3,3,9,Yes
704,35,Research & Development,Laboratory Technician,1281,No,3,1,3,3,0,No
705,23,Research & Development,Research Scientist,2819,No,1,3,4,3,0,No
707,25,Sales,Sales Executive,4851,No,2,3,3,4,1,No
709,38,Sales,Sales Executive,4028,No,4,7,3,4,0,No
710,29,Research & Development,Research Scientist,2720,No,4,10,3,3,2,No
712,48,Sales,Sales Executive,8120,No,2,2,3,3,2,No
714,27,Sales,Sales Executive,4647,Yes,4,6,3,4,0,No
715,37,Research & Development,Research Scientist,4680,No,4,1,3,3,0,No
716,50,Research & Development,Laboratory Technician,3221,Yes,3,20,3,3,3,No
717,34,Research & Development,Healthcare Representative,8621,No,2,8,4,3,7,No
720,24,Sales,Sales Executive,4577,No,3,2,3,3,2,Yes
721,39,Research & Development,Healthcare Representative,4553,No,3,20,3,3,11,No
722,32,Sales,Sales Executive,5396,No,4,10,2,3,0,No
723,50,Sales,Sales Executive,6796,Yes,3,4,3,3,1,Yes
724,38,Research & Development,Healthcare Representative,7625,No,4,9,2,3,1,No
725,27,Research & Development,Manufacturing Director,7412,No,1,9,3,3,0,No
727,32,Research & Development,Research Director,11159,No,4,7,3,3,7,No
728,47,Sales,Sales Executive,4960,No,1,7,3,3,1,No
729,40,Sales,Sales Executive,10475,Yes,1,18,3,4,1,No
730,53,Research & Development,Research Director,14814,No,3,5,3,3,1,No
731,41,Human Resources,Manager,19141,No,4,21,2,3,12,No
732,60,Sales,Sales Executive,5405,No,1,2,3,3,2,No
733,27,Research & Development,Manufacturing Director,8793,No,1,9,2,4,1,No
734,41,Human Resources,Manager,19189,No,3,22,3,3,2,No
738,50,Sales,Sales Representative,3875,No,2,2,3,3,2,No
741,28,Research & Development,Research Scientist,2216,Yes,2,7,3,3,3,Yes
742,36,Research & Development,Research Director,11713,No,1,8,3,3,0,No
743,38,Research & Development,Manufacturing Director,7861,Yes,3,1,4,3,0,No
744,44,Research & Development,Laboratory Technician,3708,No,3,5,3,3,1,No
746,47,Sales,Sales Executive,13770,Yes,3,22,2,3,11,No
747,30,Sales,Sales Executive,5304,No,4,8,2,4,7,No
749,29,Sales,Sales Representative,2642,No,3,1,3,3,0,No
752,42,Research & Development,Research Scientist,2759,Yes,3,2,3,3,2,Yes
754,43,Sales,Sales Executive,6804,No,4,2,3,3,2,No
757,34,Research & Development,Healthcare Representative,6142,No,3,5,3,3,4,No
758,23,Research & Development,Laboratory Technician,2500,No,1,4,4,3,0,No
760,39,Human Resources,Human Resources,6389,No,2,8,1,3,3,No
762,56,Research & Development,Healthcare Representative,11103,No,4,10,2,3,1,No
763,40,Research & Development,Research Scientist,2342,Yes,4,4,2,4,2,No
764,27,Research & Development,Healthcare Representative,6811,No,1,7,1,3,0,No
766,29,Sales,Sales Representative,2297,No,2,2,3,3,2,No
769,53,Research & Development,Laboratory Technician,2450,No,4,2,3,3,2,No
771,35,Research & Development,Healthcare Representative,5093,No,1,1,4,3,0,No
772,32,Research & Development,Laboratory Technician,5309,No,4,10,3,3,4,No
773,38,Research & Development,Research Scientist,3057,Yes,3,1,1,3,0,No
775,34,Research & Development,Manufacturing Director,5121,No,1,0,3,3,0,No
776,52,Sales,Manager,16856,No,1,34,4,3,1,No
780,33,Research & Development,Research Scientist,2686,Yes,4,10,2,3,7,Yes
781,25,Sales,Sales Executive,6180,No,4,6,2,4,1,No
783,45,Sales,Sales Representative,6632,No,3,8,3,3,3,No
784,23,Research & Development,Research Scientist,3505,No,3,2,3,3,0,No
785,47,Sales,Sales Executive,6397,Yes,3,5,3,3,1,Yes
786,34,Sales,Sales Executive,6274,No,4,6,3,4,1,No
787,55,Research & Development,Manager,19859,Yes,1,5,3,3,1,Yes
789,36,Sales,Sales Executive,7587,No,1,10,3,3,0,No
791,52,Research & Development,Research Scientist,4258,No,4,4,3,3,1,No
792,26,Research & Development,Laboratory Technician,4364,No,4,2,3,3,2,No
793,29,Research & Development,Healthcare Representative,4335,No,3,8,2,3,1,No
796,26,Sales,Sales Executive,5326,No,1,4,2,3,1,Yes
797,34,Research & Development,Research Scientist,3280,No,4,4,3,3,1,No
799,54,Research & Development,Manufacturing Director,5485,Yes,1,5,3,3,1,No
800,27,Sales,Sales Executive,4342,No,4,4,3,3,1,No
802,37,Research & Development,Research Scientist,2782,Yes,1,5,2,3,4,No
803,38,Research & Development,Manufacturing Director,5980,Yes,1,15,3,3,4,No
804,34,Research & Development,Research Scientist,4381,No,1,6,3,3,1,No
805,35,Sales,Sales Representative,2572,No,4,3,2,3,0,No
806,30,Research & Development,Laboratory Technician,3833,No,3,2,3,4,0,No
807,40,Research & Development,Healthcare Representative,4244,No,2,8,3,4,3,No
808,34,Sales,Sales Executive,6500,No,1,3,3,3,1,No
809,42,Research & Development,Manager,18430,No,4,24,2,3,14,No
811,23,Research & Development,Laboratory Technician,1601,Yes,1,0,3,4,0,Yes
812,24,Research & Development,Laboratory Technician,2694,No,2,1,3,3,0,No
813,52,Research & Development,Laboratory Technician,3149,No,3,5,3,4,1,No
815,50,Research & Development,Research Director,17639,No,3,4,3,3,0,No
816,29,Research & Development,Laboratory Technician,2319,Yes,1,1,3,3,0,Yes
817,33,Research & Development,Research Director,11691,No,3,13,4,3,3,No
819,33,Sales,Sales Executive,5324,No,1,3,3,3,0,Yes
820,47,Research & Development,Manager,16752,Yes,4,26,2,3,3,No
823,36,Research & Development,Manufacturing Director,5228,No,2,9,3,3,0,No
824,29,Research & Development,Research Scientist,2700,No,3,10,3,4,0,No
825,58,Research & Development,Research Director,19246,Yes,2,31,3,3,13,Yes
826,35,Research & Development,Research Scientist,2506,No,3,2,3,3,2,No
827,42,Research & Development,Manufacturing Director,6062,Yes,4,4,3,3,0,No
828,28,Research & Development,Research Scientist,4382,No,3,2,2,3,2,Yes
829,36,Human Resources,Human Resources,2143,No,2,5,3,3,0,No
830,32,Research & Development,Manufacturing Director,6162,No,3,14,3,3,6,No
832,40,Research & Development,Laboratory Technician,5094,No,3,1,3,3,0,No
833,30,Research & Development,Manufacturing Director,6877,Yes,4,0,2,4,0,No
834,45,Research & Development,Research Scientist,2274,No,3,1,3,3,0,No
836,42,Research & Development,Manufacturing Director,4434,No,2,9,2,3,7,No
837,38,Research & Development,Healthcare Representative,6288,No,1,4,2,3,1,No
838,34,Research & Development,Research Scientist,2553,No,4,5,3,3,1,No
840,49,Sales,Sales Executive,7654,No,4,9,4,3,7,Yes
842,55,Sales,Sales Executive,5160,No,4,9,2,3,7,Yes
843,43,Research & Development,Research Director,17159,No,1,4,3,4,1,No
844,27,Research & Development,Research Director,12808,Yes,4,9,3,3,0,No
845,35,Research & Development,Manufacturing Director,10221,No,3,8,4,4,1,No
846,28,Sales,Sales Executive,4779,Yes,2,8,3,4,7,No
847,34,Human Resources,Human Resources,3737,No,4,3,1,3,0,No
848,26,Research & Development,Research Scientist,2366,Yes,3,8,3,3,1,Yes
850,27,Research & Development,Research Scientist,1706,No,4,0,2,3,0,No
851,51,Sales,Manager,16307,No,3,20,2,3,4,No
852,44,Research & Development,Healthcare Representative,5933,No,2,5,2,3,2,No
854,25,Research & Development,Research Scientist,3424,No,1,4,2,3,0,No
855,33,Sales,Sales Executive,4037,No,1,9,3,4,0,No
856,35,Research & Development,Research Scientist,2559,No,1,6,2,3,1,No
857,36,Sales,Sales Executive,6201,Yes,4,18,2,3,4,No
859,32,Sales,Sales Executive,4403,No,4,5,2,3,0,No
861,30,Research & Development,Research Scientist,3761,No,4,5,2,3,0,No
862,53,Sales,Sales Executive,10934,Yes,4,5,3,3,0,No
864,45,Sales,Sales Executive,10761,Yes,1,5,3,3,0,No
865,32,Research & Development,Research Scientist,5175,No,3,5,2,3,1,No
867,52,Research & Development,Manufacturing Director,13826,No,4,9,3,4,0,No
868,37,Sales,Sales Executive,6334,No,3,1,3,3,0,No
869,28,Human Resources,Human Resources,4936,No,4,5,3,3,0,No
872,22,Research & Development,Manufacturing Director,4775,No,4,2,1,4,2,No
874,44,Research & Development,Laboratory Technician,2818,Yes,4,3,2,4,0,No
875,42,Research & Development,Research Scientist,2515,Yes,4,2,3,3,2,No
878,36,Human Resources,Human Resources,2342,No,1,5,3,4,0,No
879,25,Sales,Sales Executive,4194,Yes,1,5,3,3,0,No
880,35,Research & Development,Manufacturing Director,10685,Yes,3,17,3,4,5,No
881,35,Research & Development,Research Scientist,2022,Yes,2,10,2,3,7,Yes
882,32,Research & Development,Laboratory Technician,2314,No,4,3,3,3,0,No
885,25,Sales,Sales Executive,4256,No,1,5,4,3,0,No
887,49,Research & Development,Research Scientist,3580,No,1,4,3,3,0,No
888,24,Research & Development,Laboratory Technician,3162,No,4,5,2,3,3,No
889,32,Sales,Sales Executive,6524,No,2,10,3,3,5,No
893,38,Sales,Sales Representative,2899,No,2,2,3,3,1,No
894,42,Research & Development,Laboratory Technician,5231,Yes,4,5,2,3,1,No
895,31,Research & Development,Research Scientist,2356,Yes,4,6,3,3,0,No
896,29,Sales,Sales Representative,2800,Yes,3,3,3,3,0,Yes
897,53,Sales,Sales Executive,11836,No,4,2,3,3,2,No
899,35,Research & Development,Manufacturing Director,10903,No,2,13,3,3,4,No
900,37,Sales,Sales Representative,2973,No,4,5,3,3,0,No
901,53,Research & Development,Research Director,14275,No,4,12,3,3,3,No
902,43,Research & Development,Healthcare Representative,5562,No,4,5,2,3,2,No
903,47,Sales,Sales Executive,4537,Yes,4,7,3,4,7,No
904,37,Sales,Sales Executive,7642,Yes,2,10,3,3,0,No
905,50,Research & Development,Manager,17924,No,1,31,3,3,14,No
909,39,Human Resources,Human Resources,5204,No,4,5,3,3,0,No
910,33,Human Resources,Human Resources,2277,Yes,2,4,4,3,0,No
911,32,Research & Development,Laboratory Technician,2795,Yes,4,1,1,4,0,Yes
912,29,Research & Development,Laboratory Technician,2532,No,4,4,3,3,0,No
913,44,Research & Development,Research Scientist,2559,Yes,1,8,3,3,7,No
916,28,Sales,Sales Executive,4908,No,4,4,3,3,0,No
918,58,Research & Development,Laboratory Technician,2380,Yes,4,1,2,3,0,Yes
920,43,Research & Development,Manufacturing Director,4765,No,2,1,4,4,0,No
922,20,Sales,Sales Representative,2044,No,3,2,2,3,0,Yes
923,21,Research & Development,Research Scientist,2693,No,4,1,2,3,0,Yes
924,36,Research & Development,Healthcare Representative,6586,Yes,4,16,2,3,4,No
925,47,Sales,Sales Representative,3294,Yes,4,3,2,3,1,No
926,22,Research & Development,Manufacturing Director,4171,Yes,3,3,4,3,0,Yes
927,41,Research & Development,Laboratory Technician,2778,Yes,4,7,2,3,1,Yes
930,28,Research & Development,Research Scientist,2377,No,3,2,3,3,2,No
932,39,Research & Development,Laboratory Technician,2404,Yes,1,2,1,4,2,Yes
933,27,Research & Development,Research Scientist,2318,No,3,1,3,3,0,No
934,34,Research & Development,Laboratory Technician,2008,No,2,1,3,3,1,No
936,42,Sales,Sales Executive,6244,No,3,5,3,3,0,No
939,33,Research & Development,Research Scientist,2799,Yes,1,3,3,3,0,No
940,58,Research & Development,Healthcare Representative,10552,Yes,2,6,3,3,0,No
941,31,Sales,Sales Representative,2329,No,3,7,4,3,5,No
942,35,Research & Development,Healthcare Representative,4014,Yes,4,10,1,4,0,No
944,49,Research & Development,Laboratory Technician,7403,No,2,26,2,3,1,No
945,48,Research & Development,Research Scientist,2259,No,3,0,2,3,0,No
947,31,Sales,Sales Executive,6932,No,3,9,2,3,0,No
949,36,Research & Development,Research Scientist,4678,No,4,6,3,3,0,No
950,38,Research & Development,Research Director,13582,No,1,15,3,3,5,No
951,32,Research & Development,Laboratory Technician,2332,No,2,3,3,4,0,No
952,25,Sales,Sales Representative,2413,Yes,2,1,3,3,0,Yes
954,40,Sales,Sales Executive,9705,No,2,1,2,3,0,No
956,26,Sales,Sales Executive,4294,No,1,7,3,3,0,No
957,41,Research & Development,Laboratory Technician,4721,Yes,1,18,3,3,2,No
958,36,Research & Development,Laboratory Technician,2519,No,3,11,3,4,3,No
959,19,Sales,Sales Representative,2121,Yes,2,1,4,3,0,Yes
960,20,Research & Development,Laboratory Technician,2973,No,1,1,3,3,0,Yes
961,31,Research & Development,Healthcare Representative,5855,Yes,4,9,1,3,8,No
964,40,Research & Development,Research Scientist,3617,Yes,2,1,3,3,0,No
966,32,Research & Development,Manufacturing Director,6725,No,1,8,4,3,6,No
967,36,Sales,Sales Executive,10325,Yes,4,16,3,3,3,Yes
969,33,Research & Development,Healthcare Representative,6949,No,4,5,3,3,1,No
970,37,Sales,Sales Executive,10609,No,3,14,1,3,11,Yes
972,45,Research & Development,Laboratory Technician,4447,No,2,9,2,3,0,No
974,29,Sales,Sales Representative,2157,No,4,3,3,3,0,No
975,35,Sales,Sales Executive,4601,No,3,5,3,3,1,No
976,52,Research & Development,Manager,17099,No,4,9,2,3,7,No
977,58,Research & Development,Research Scientist,2479,No,3,1,3,4,0,Yes
981,53,Sales,Manager,14852,No,3,17,4,3,15,No
982,30,Sales,Sales Executive,7264,No,3,8,4,3,7,No
983,38,Sales,Sales Executive,5666,Yes,4,5,3,3,1,No
984,35,Sales,Sales Executive,7823,No,4,10,3,3,0,No
985,39,Sales,Sales Executive,7880,No,3,8,3,3,0,No
986,40,Sales,Sales Executive,13194,Yes,2,1,2,3,0,Yes
987,47,Research & Development,Manufacturing Director,5067,Yes,3,19,4,3,2,No
990,36,Sales,Sales Executive,5079,No,4,7,3,3,0,No
991,31,Research & Development,Research Scientist,2321,Yes,1,3,3,4,1,Yes
992,33,Sales,Manager,17444,No,3,10,3,3,6,No
994,29,Research & Development,Research Scientist,2404,Yes,1,0,3,4,0,Yes
995,33,Research & Development,Research Scientist,3452,No,4,3,3,3,0,No
996,45,Research & Development,Laboratory Technician,2270,No,4,5,3,3,0,No
997,50,Research & Development,Research Director,17399,No,4,5,2,4,1,No
998,33,Research & Development,Healthcare Representative,5488,Yes,2,6,3,3,1,No
999,41,Research & Development,Research Director,19419,No,3,18,4,3,0,No
1001,27,Research & Development,Laboratory Technician,2811,No,2,2,3,3,2,No
1002,45,Research & Development,Laboratory Technician,3633,Yes,1,9,3,3,0,No
1003,47,Sales,Sales Executive,4163,Yes,4,9,3,3,0,No
1004,30,Research & Development,Research Scientist,2132,Yes,3,5,3,3,0,Yes
1005,50,Research & Development,Manufacturing Director,13973,Yes,3,12,3,3,1,No
1006,38,Research & Development,Research Scientist,2684,No,3,2,2,3,0,No
1007,46,Research & Development,Manufacturing Director,10845,No,3,8,3,3,0,No
1009,24,Research & Development,Manufacturing Director,4377,No,3,4,3,3,3,No
1010,35,Research & Development,Laboratory Technician,3743,Yes,2,4,1,4,0,Yes
1011,31,Research & Development,Manufacturing Director,4148,No,1,4,3,3,0,No
1012,18,Research & Development,Research Scientist,1051,No,4,0,3,3,0,No
1013,54,Research & Development,Manufacturing Director,10739,No,3,10,3,3,0,No
1014,35,Research & Development,Healthcare Representative,10388,Yes,3,16,2,3,10,No
1015,30,Research & Development,Research Director,11416,Yes,1,8,2,3,1,No
1016,20,Research & Development,Research Scientist,2600,Yes,1,1,3,3,0,Yes
1017,30,Research & Development,Laboratory Technician,2422,No,2,3,3,3,1,Yes
1018,26,Research & Development,Manufacturing Director,5472,No,4,8,3,3,1,No
1019,22,Research & Development,Laboratory Technician,2451,No,1,4,2,3,1,No
1022,48,Research & Development,Healthcare Representative,4240,No,3,2,3,3,2,No
1024,48,Research & Development,Healthcare Representative,10999,No,3,15,3,3,4,No
1025,41,Research & Development,Manufacturing Director,5003,No,3,2,3,3,2,No
1026,39,Research & Development,Manufacturing Director,12742,No,4,21,3,3,11,No
1027,27,Research & Development,Manufacturing Director,4227,No,4,3,3,3,2,No
1028,35,Research & Development,Laboratory Technician,3917,No,4,3,2,4,1,No
1029,42,Sales,Manager,18303,No,3,1,4,3,0,No
1030,50,Research & Development,Laboratory Technician,2380,No,4,1,3,3,0,No
1032,59,Research & Development,Manufacturing Director,13726,Yes,4,5,3,3,4,No
1033,37,Research & Development,Healthcare Representative,4777,No,2,1,1,3,0,Yes
1034,55,Research & Development,Healthcare Representative,6385,Yes,2,8,3,3,6,No
1035,41,Research & Development,Research Director,19973,No,3,21,3,4,5,No
1036,38,Sales,Sales Executive,6861,Yes,4,1,3,3,0,No
1037,26,Sales,Sales Executive,4969,No,1,2,3,3,2,Yes
1038,52,Sales,Manager,19845,No,4,32,3,3,6,Yes
1039,44,Sales,Sales Executive,13320,Yes,4,12,3,3,11,No
1040,50,Sales,Sales Executive,6347,No,3,18,3,3,0,No
1042,36,Research & Development,Laboratory Technician,2743,No,1,17,3,3,15,Yes
1043,39,Research & Development,Manufacturing Director,10880,Yes,1,21,3,3,2,No
1044,33,Sales,Sales Representative,2342,No,4,2,2,3,2,No
1045,45,Sales,Manager,17650,No,4,9,4,3,1,No
1046,32,Research & Development,Laboratory Technician,4025,No,3,8,3,3,7,No
1047,34,Sales,Sales Executive,9725,No,4,15,2,3,0,No
1048,59,Sales,Manager,11904,Yes,4,6,1,3,0,No
1049,45,Human Resources,Human Resources,2177,No,2,6,3,3,0,No
1050,53,Sales,Sales Executive,7525,No,2,15,3,3,6,No
1052,36,Research & Development,Laboratory Technician,4834,No,3,1,2,3,0,Yes
1053,26,Research & Development,Research Scientist,2042,Yes,1,3,3,3,1,Yes
1055,34,Sales,Sales Representative,2220,Yes,3,1,3,3,0,No
1056,28,Sales,Sales Representative,1052,No,2,1,3,4,0,No
1060,38,Research & Development,Research Scientist,2821,No,3,2,3,3,2,No
1061,50,Research & Development,Research Director,19237,Yes,3,8,2,3,7,No
1062,37,Research & Development,Healthcare Representative,4107,No,2,4,2,3,0,No
1066,40,Sales,Sales Executive,8396,No,1,7,2,3,7,No
1068,26,Research & Development,Research Scientist,2007,No,3,5,3,3,1,No
1069,46,Research & Development,Research Director,19627,No,4,2,3,3,2,No
1070,54,Sales,Sales Executive,10686,No,3,9,3,3,7,No
1071,56,Research & Development,Research Scientist,2942,No,3,5,3,3,0,No
1073,36,Research & Development,Manufacturing Director,8858,No,4,14,2,3,7,No
1074,55,Research & Development,Manager,16756,No,1,9,4,3,6,No
1076,43,Sales,Sales Executive,10798,No,4,1,3,3,0,No
1077,20,Sales,Sales Representative,2323,Yes,4,2,3,3,0,Yes
1079,21,Research & Development,Laboratory Technician,1416,No,1,1,2,3,1,Yes
1080,46,Research & Development,Research Scientist,4615,Yes,1,16,3,4,1,No
1081,51,Research & Development,Research Scientist,2461,Yes,3,10,4,3,2,Yes
1082,28,Research & Development,Healthcare Representative,8722,No,1,10,2,3,1,Yes
1083,26,Research & Development,Laboratory Technician,3955,No,1,5,3,3,1,No
1084,30,Research & Development,Manufacturing Director,9957,No,1,6,2,3,0,No
1085,41,Research & Development,Research Scientist,3376,No,3,10,3,3,0,No
1088,38,Research & Development,Healthcare Representative,8823,No,3,19,2,3,1,No
1092,40,Research & Development,Healthcare Representative,10322,No,4,11,3,4,11,No
1094,27,Research & Development,Laboratory Technician,4621,No,3,3,3,3,1,No
1096,55,Research & Development,Manufacturing Director,10976,No,2,3,3,3,1,No
1097,28,Research & Development,Research Scientist,3660,No,3,8,4,3,1,No
1098,44,Human Resources,Human Resources,10482,No,1,20,3,3,3,Yes
1099,33,Research & Development,Healthcare Representative,7119,No,4,3,3,3,1,No
1100,35,Sales,Sales Executive,9582,Yes,1,8,3,4,4,Yes
1101,33,Research & Development,Research Scientist,4508,No,3,13,3,4,3,Yes
1102,28,Research & Development,Laboratory Technician,2207,No,3,4,2,3,2,No
1103,34,Research & Development,Healthcare Representative,7756,No,4,6,2,3,0,No
1105,37,Sales,Sales Executive,6694,Yes,4,1,3,3,0,No
1106,25,Research & Development,Laboratory Technician,3691,Yes,4,7,4,3,5,Yes
1107,26,Research & Development,Laboratory Technician,2377,No,3,1,2,4,0,Yes
1108,33,Research & Development,Research Scientist,2313,Yes,2,2,3,4,2,Yes
1109,42,Research & Development,Manager,17665,No,1,22,3,3,13,No
1111,28,Research & Development,Laboratory Technician,2596,No,2,1,3,3,0,Yes
1113,50,Sales,Sales Executive,4728,Yes,3,0,3,3,0,Yes
1114,33,Sales,Sales Executive,4302,No,2,3,3,3,0,No
1115,34,Research & Development,Research Scientist,2979,No,4,0,3,3,0,No
1116,48,Research & Development,Manager,16885,No,4,5,2,4,2,No
1117,45,Sales,Sales Executive,5593,No,3,15,3,3,4,No
1118,52,Research & Development,Healthcare Representative,10445,No,2,8,3,3,4,No
1119,38,Sales,Sales Executive,8740,Yes,3,8,3,3,2,No
1120,29,Research & Development,Research Scientist,2514,No,4,7,3,4,1,No
1121,28,Research & Development,Manufacturing Director,7655,No,2,9,2,3,1,No
1124,46,Sales,Manager,17465,No,3,12,3,3,4,No
1125,38,Sales,Sales Executive,7351,No,2,1,3,3,0,No
1126,43,Research & Development,Manufacturing Director,10820,No,1,8,3,3,0,No
1127,39,Research & Development,Healthcare Representative,12169,No,4,18,3,3,11,Yes
1128,40,Research & Development,Research Director,19626,No,3,20,4,3,4,No
1131,21,Research & Development,Research Scientist,2070,Yes,2,2,4,3,2,No
1132,39,Research & Development,Laboratory Technician,6782,No,2,5,2,3,0,No
1133,36,Research & Development,Manufacturing Director,7779,No,4,11,3,4,0,No
1135,31,Sales,Sales Representative,2791,No,4,2,3,3,2,No
1136,28,Research & Development,Research Scientist,3201,No,2,5,1,3,0,No
1137,35,Sales,Sales Executive,4968,No,4,5,3,3,0,No
1138,49,Sales,Sales Executive,13120,No,2,9,3,3,2,No
1140,34,Research & Development,Manufacturing Director,4033,No,3,3,2,3,0,No
1143,29,Research & Development,Research Scientist,3291,No,2,7,2,3,1,No
1148,42,Research & Development,Laboratory Technician,4272,No,4,1,3,3,0,No
1150,29,Research & Development,Manufacturing Director,5056,Yes,4,10,2,3,1,No
1152,38,Human Resources,Human Resources,2844,No,3,7,4,3,5,No
1154,28,Research & Development,Research Scientist,2703,Yes,3,3,3,3,0,No
1156,18,Research & Development,Laboratory Technician,1904,No,3,0,3,3,0,Yes
1157,33,Sales,Sales Executive,8224,Yes,1,5,3,3,0,Yes
1158,41,Research & Development,Laboratory Technician,4766,Yes,4,1,3,3,0,No
1160,31,Research & Development,Laboratory Technician,2610,No,3,2,2,3,2,Yes
1161,37,Research & Development,Healthcare Representative,5731,No,4,6,3,3,1,No
1162,27,Research & Development,Research Scientist,2539,No,3,4,3,3,2,No
1163,34,Sales,Sales Executive,5714,No,3,6,2,4,1,No
1164,35,Human Resources,Human Resources,4323,No,3,5,1,3,1,No
1165,29,Sales,Sales Executive,7336,No,1,11,1,3,3,Yes
1166,40,Research & Development,Research Director,13499,No,3,18,2,3,2,No
1167,42,Sales,Sales Executive,13758,Yes,1,21,2,3,13,Yes
1171,42,Sales,Sales Executive,5155,No,1,6,4,3,1,No
1172,35,Research & Development,Laboratory Technician,2258,No,3,8,3,3,1,No
1173,24,Research & Development,Laboratory Technician,3597,No,2,4,3,4,1,No
1175,28,Research & Development,Laboratory Technician,2515,Yes,4,1,2,3,0,Yes
1177,26,Research & Development,Laboratory Technician,4420,No,4,8,3,4,0,No
1179,30,Sales,Sales Executive,6578,No,3,10,3,3,1,No
1180,40,Research & Development,Research Scientist,4422,Yes,4,1,1,3,0,No
1182,35,Research & Development,Manufacturing Director,10274,No,2,7,4,3,6,No
1184,34,Research & Development,Healthcare Representative,5343,No,1,13,3,4,4,No
1185,35,Research & Development,Laboratory Technician,2376,No,4,2,4,3,2,No
1188,43,Sales,Sales Executive,5346,No,3,4,2,3,1,Yes
1190,32,Sales,Sales Representative,2827,No,1,1,3,3,0,No
1191,56,Research & Development,Manager,19943,No,1,5,3,3,4,No
1192,29,Research & Development,Laboratory Technician,3131,No,4,10,3,3,0,No
1193,19,Research & Development,Research Scientist,2552,No,1,1,3,4,0,No
1195,45,Research & Development,Research Scientist,4477,Yes,3,3,2,3,0,No
1196,37,Research & Development,Manufacturing Director,6474,No,4,14,2,3,3,No
1198,20,Research & Development,Laboratory Technician,3033,No,3,2,2,3,1,No
1200,44,Research & Development,Research Scientist,2936,Yes,3,6,3,3,0,Yes
1201,53,Research & Development,Manager,18606,No,3,7,3,3,4,No
1202,29,Research & Development,Research Scientist,2168,Yes,4,5,2,3,1,No
1203,22,Research & Development,Research Scientist,2853,Yes,4,0,3,3,0,Yes
1204,46,Sales,Manager,17048,No,1,26,3,4,15,No
1206,44,Research & Development,Research Scientist,2290,No,3,0,3,3,0,No
1207,33,Human Resources,Human Resources,3600,No,3,5,3,3,1,No
1210,41,Research & Development,Research Scientist,2107,No,1,1,1,3,0,Yes
1211,30,Sales,Sales Executive,4115,No,1,4,3,3,0,No
1212,40,Sales,Sales Executive,4327,No,2,0,3,3,0,No
1215,50,Research & Development,Manager,17856,No,1,2,3,4,2,No
1216,28,Research & Development,Laboratory Technician,3196,No,1,6,3,3,3,No
1217,46,Research & Development,Research Director,19081,No,2,4,3,3,0,No
1218,35,Sales,Sales Executive,8966,Yes,1,7,3,3,1,No
1219,24,Research & Development,Laboratory Technician,2210,No,2,1,1,3,0,Yes
1220,33,Sales,Sales Executive,4539,No,3,10,2,3,0,No
1221,36,Research & Development,Laboratory Technician,2741,No,3,7,3,3,1,No
1224,30,Research & Development,Laboratory Technician,3491,No,3,10,2,3,8,No
1225,44,Research & Development,Research Scientist,4541,No,4,20,3,4,13,No
1226,20,Sales,Sales Representative,2678,No,4,2,3,3,2,No
1228,46,Research & Development,Manufacturing Director,7379,No,4,6,2,3,1,No
1231,42,Human Resources,Human Resources,6272,No,1,4,4,3,0,No
1233,60,Sales,Sales Executive,5220,Yes,4,11,3,3,1,No
1234,32,Research & Development,Laboratory Technician,2743,No,2,2,3,4,2,No
1235,32,Research & Development,Research Scientist,4998,Yes,3,8,3,3,0,No
1237,36,Research & Development,Manufacturing Director,10252,Yes,1,7,3,4,7,No
1238,33,Research & Development,Research Scientist,2781,No,4,14,3,3,4,No
1239,40,Sales,Sales Executive,6852,No,2,5,4,3,1,No
1240,25,Sales,Sales Executive,4950,No,4,4,3,3,1,No
1241,30,Research & Development,Research Scientist,3579,Yes,2,11,3,4,5,No
1242,42,Research & Development,Research Director,13191,Yes,1,1,3,3,0,No
1243,35,Sales,Sales Executive,10377,Yes,4,13,2,3,4,No
1244,27,Research & Development,Research Scientist,2235,Yes,1,9,2,3,6,No
1245,54,Research & Development,Manufacturing Director,10502,No,3,5,1,3,1,No
1246,44,Research & Development,Research Scientist,2011,No,4,10,3,3,7,No
1248,19,Research & Development,Research Scientist,1859,Yes,2,1,4,4,0,Yes
1249,29,Research & Development,Research Scientist,3760,No,4,3,3,3,1,No
1250,54,Research & Development,Research Director,17779,No,4,10,3,3,0,No
1251,31,Research & Development,Healthcare Representative,6833,Yes,1,6,2,3,0,No
1252,31,Research & Development,Healthcare Representative,6812,No,1,10,3,3,1,No
1254,59,Sales,Sales Executive,5171,No,4,6,3,3,0,No
1255,43,Research & Development,Research Director,19740,No,4,8,3,3,0,No
1256,49,Research & Development,Manager,18711,No,3,1,4,3,0,No
1257,36,Research & Development,Research Scientist,3692,No,2,11,2,3,0,No
1258,48,Research & Development,Laboratory Technician,2559,No,2,1,2,3,0,No
1259,27,Research & Development,Research Scientist,2517,No,3,5,3,3,0,No
1260,29,Research & Development,Healthcare Representative,6623,Yes,4,6,3,3,1,No
1263,48,Research & Development,Research Director,18265,No,4,1,4,3,0,No
1264,29,Research & Development,Research Director,16124,No,4,7,2,3,1,No
1265,34,Research & Development,Research Scientist,2585,No,3,1,2,3,0,No
1267,44,Sales,Manager,18213,No,2,22,3,3,3,No
1268,33,Sales,Sales Executive,8380,Yes,3,9,3,3,0,No
1269,19,Research & Development,Research Scientist,2994,Yes,4,1,3,3,0,No
1270,23,Research & Development,Research Scientist,1223,No,3,1,3,4,0,No
1273,25,Sales,Sales Representative,1118,Yes,4,1,3,3,1,Yes
1275,26,Research & Development,Research Scientist,2875,Yes,4,8,2,4,2,No
1277,45,Sales,Manager,18824,Yes,2,24,3,3,1,Yes
1278,55,Research & Development,Healthcare Representative,13577,Yes,2,33,3,3,15,No
1279,21,Research & Development,Laboratory Technician,2625,No,3,2,1,4,2,Yes
1280,46,Sales,Manager,18789,No,2,11,3,3,0,No
1281,34,Sales,Sales Executive,4538,Yes,1,3,3,3,0,No
1282,51,Sales,Manager,19847,Yes,2,29,2,4,11,No
1283,59,Research & Development,Manufacturing Director,10512,No,4,9,2,3,5,No
1285,34,Research & Development,Laboratory Technician,4444,No,2,11,4,3,5,No
1286,28,Research & Development,Laboratory Technician,2154,Yes,3,4,2,3,0,No
1288,44,Research & Development,Manager,19190,No,1,25,2,3,14,No
1289,34,Human Resources,Human Resources,4490,No,2,10,4,3,1,No
1291,35,Research & Development,Research Scientist,3506,Yes,3,3,3,3,2,No
1292,42,Research & Development,Research Scientist,2372,Yes,2,1,3,3,0,No
1293,43,Sales,Sales Executive,10231,No,4,21,4,3,15,No
1294,36,Research & Development,Manufacturing Director,5410,Yes,2,16,3,3,5,No
1295,44,Research & Development,Healthcare Representative,7978,No,4,10,3,3,0,Yes
1296,28,Research & Development,Laboratory Technician,3867,Yes,4,2,3,3,2,No
1297,51,Research & Development,Laboratory Technician,2838,No,3,7,2,3,7,No
1298,30,Research & Development,Manufacturing Director,4695,Yes,3,8,3,3,1,No
1299,29,Research & Development,Laboratory Technician,3339,Yes,3,7,3,3,7,Yes
1301,28,Research & Development,Research Scientist,2080,No,1,3,2,3,1,No
1303,25,Research & Development,Research Scientist,2096,No,2,2,2,3,2,No
1304,32,Sales,Sales Executive,6209,No,4,10,4,3,0,No
1306,45,Research & Development,Manager,18061,No,2,0,3,4,0,No
1307,39,Research & Development,Manager,17123,Yes,2,19,3,3,15,No
1308,58,Research & Development,Research Scientist,2372,No,3,2,3,3,2,No
1309,32,Research & Development,Laboratory Technician,4883,No,3,10,3,3,1,Yes
1310,39,Research & Development,Research Scientist,3904,No,1,5,3,3,0,Yes
1311,30,Research & Development,Laboratory Technician,4627,No,4,9,3,3,6,No
1312,36,Research & Development,Healthcare Representative,7094,No,3,7,3,3,1,No
1314,46,Human Resources,Human Resources,3423,No,1,7,4,3,5,No
1315,28,Research & Development,Laboratory Technician,6674,No,4,9,3,3,7,No
1317,50,Research & Development,Research Director,16880,Yes,1,3,3,3,1,No
1318,40,Sales,Sales Executive,9094,Yes,2,5,3,3,1,Yes
1319,52,Sales,Sales Executive,8446,Yes,2,8,2,3,7,Yes
1321,30,Research & Development,Manager,11916,Yes,1,9,3,4,0,No
1322,39,Research & Development,Manufacturing Director,4534,No,3,8,3,3,1,No
1324,31,Sales,Sales Executive,9852,Yes,3,10,2,3,9,No
1329,41,Sales,Sales Executive,6151,No,2,19,3,3,11,No
1331,31,Sales,Sales Representative,2302,Yes,2,3,4,3,2,Yes
1333,44,Research & Development,Laboratory Technician,2362,No,1,3,4,3,1,Yes
1334,42,Research & Development,Manager,17861,Yes,3,20,2,3,2,No
1336,55,Research & Development,Manager,19187,No,3,19,3,3,9,No
1338,56,Human Resources,Manager,19717,No,2,7,3,3,7,No
1340,40,Research & Development,Research Scientist,3544,No,3,4,3,3,0,No
1344,34,Research & Development,Healthcare Representative,8500,No,4,9,2,3,1,No
1346,40,Research & Development,Research Scientist,4661,No,4,9,3,3,8,No
1349,41,Sales,Sales Executive,4103,No,1,9,3,3,1,No
1350,35,Research & Development,Research Scientist,4249,Yes,3,9,3,3,1,No
1352,51,Human Resources,Manager,14026,Yes,2,33,3,3,0,No
1355,38,Sales,Sales Executive,6893,No,1,7,3,3,1,No
1356,34,Sales,Sales Executive,6125,No,1,10,4,3,9,No
1358,25,Research & Development,Laboratory Technician,3669,No,4,3,2,3,1,No
1360,58,Research & Development,Manufacturing Director,10008,Yes,1,10,2,3,5,Yes
1361,40,Research & Development,Laboratory Technician,2387,No,2,4,3,4,0,No
1362,36,Sales,Sales Executive,4639,No,1,15,2,3,6,No
1363,48,Research & Development,Manufacturing Director,7898,No,4,10,3,3,0,No
1364,27,Sales,Sales Representative,2534,No,4,1,3,3,0,No
1367,51,Research & Development,Manufacturing Director,13142,No,2,5,2,3,0,No
1368,18,Research & Development,Laboratory Technician,1611,No,4,0,4,3,0,No
1369,35,Research & Development,Laboratory Technician,5363,No,4,9,3,3,0,No
1371,27,Sales,Sales Executive,5071,No,4,6,3,4,0,No
1372,55,Sales,Sales Executive,13695,Yes,3,19,2,3,3,Yes
1373,56,Research & Development,Manufacturing Director,13402,Yes,2,19,3,3,15,No
1374,34,Research & Development,Research Scientist,2029,No,3,5,3,4,0,No
1375,40,Research & Development,Healthcare Representative,6377,No,3,12,3,4,11,No
1377,34,Research & Development,Laboratory Technician,5429,No,3,8,3,3,7,No
1379,31,Sales,Sales Representative,2785,No,4,1,4,3,0,Yes
1380,35,Sales,Sales Executive,4614,Yes,3,4,2,3,3,Yes
1382,38,Research & Development,Research Scientist,2610,No,3,4,3,3,0,No
1383,34,Research & Development,Healthcare Representative,6687,No,4,14,4,3,4,No
1387,28,Sales,Sales Executive,4724,No,1,5,3,3,0,No
1389,31,Research & Development,Manufacturing Director,6179,Yes,3,10,2,3,6,Yes
1390,39,Sales,Sales Executive,6120,Yes,4,5,4,3,1,No
1391,51,Sales,Sales Executive,10596,No,2,4,3,3,3,No
1392,41,Research & Development,Research Scientist,5467,Yes,4,6,2,3,3,No
1394,37,Research & Development,Research Scientist,2996,Yes,3,6,3,3,1,No
1395,33,Sales,Sales Executive,9998,No,4,5,4,3,1,No
1396,32,Sales,Sales Executive,4078,Yes,2,3,2,3,1,No
1397,39,Research & Development,Healthcare Representative,10920,No,3,6,3,4,0,No
1399,25,Sales,Sales Executive,6232,No,3,3,2,3,1,No
1401,52,Research & Development,Manufacturing Director,13247,Yes,3,5,2,3,0,No
1402,43,Research & Development,Research Scientist,4081,Yes,3,20,1,3,1,No
1403,27,Sales,Sales Executive,5769,Yes,4,6,3,3,4,No
1405,27,Research & Development,Research Scientist,2394,Yes,3,8,3,3,7,Yes
1407,26,Research & Development,Research Scientist,3904,No,4,4,3,3,1,No
1408,42,Human Resources,Manager,16799,No,1,20,3,3,0,No
1409,52,Research & Development,Laboratory Technician,2950,No,1,5,1,3,0,No
1411,37,Research & Development,Laboratory Technician,3629,No,3,3,3,3,0,No
1412,35,Research & Development,Manufacturing Director,9362,No,4,2,3,3,2,No
1415,25,Research & Development,Laboratory Technician,3229,No,4,3,2,3,0,No
1417,26,Research & Development,Laboratory Technician,3578,No,1,7,3,3,0,No
1419,29,Human Resources,Human Resources,7988,No,1,10,2,3,0,No
1420,49,Research & Development,Laboratory Technician,4284,No,1,4,3,4,1,Yes
1421,29,Research & Development,Healthcare Representative,7553,Yes,4,8,3,3,7,Yes
1422,54,Research & Development,Research Director,17328,No,4,20,2,3,12,No
1423,58,Research & Development,Research Director,19701,Yes,1,9,3,4,1,No
1424,55,Research & Development,Research Director,14732,No,4,7,4,3,0,No
1425,36,Sales,Sales Executive,9278,Yes,2,5,3,3,0,No
1427,31,Sales,Sales Representative,1359,No,3,1,3,3,0,Yes
1428,30,Sales,Sales Executive,4779,No,1,3,3,3,0,No
1430,31,Research & Development,Research Director,16422,No,2,3,4,3,1,No
1431,34,Research & Development,Research Scientist,2996,No,1,4,3,3,1,No
1433,31,Research & Development,Research Scientist,1261,No,2,1,4,3,0,Yes
1434,27,Research & Development,Laboratory Technician,2099,No,1,5,4,3,1,No
1435,36,Research & Development,Laboratory Technician,5810,No,4,10,2,3,1,No
1436,36,Sales,Sales Executive,5647,No,1,3,2,3,0,No
1438,47,Research & Development,Research Scientist,3420,No,4,6,2,3,1,No
1439,25,Sales,Sales Representative,4400,No,1,3,3,3,2,Yes
1440,37,Research & Development,Laboratory Technician,3500,No,3,6,1,3,1,No
1441,56,Research & Development,Research Scientist,2066,No,1,3,4,4,1,No
1443,47,Research & Development,Research Director,17169,No,3,20,4,3,5,No
1445,24,Sales,Sales Executive,4162,Yes,3,5,3,3,0,No
1446,32,Sales,Sales Executive,9204,No,4,4,2,3,0,No
1447,34,Research & Development,Laboratory Technician,3294,No,2,5,2,3,0,No
1448,41,Research & Development,Research Scientist,2127,Yes,3,4,2,3,0,No
1449,40,Research & Development,Laboratory Technician,3975,No,3,8,4,3,0,No
1453,31,Sales,Sales Executive,10793,No,4,13,3,3,9,No
1457,46,Sales,Sales Executive,10096,No,4,7,4,3,4,Yes
1458,39,Research & Development,Laboratory Technician,3646,Yes,1,1,4,4,0,Yes
1459,31,Research & Development,Manufacturing Director,7446,No,2,10,3,3,4,Yes
1460,45,Research & Development,Healthcare Representative,10851,Yes,1,7,3,3,0,No
1461,31,Human Resources,Human Resources,2109,No,2,3,3,3,0,No
1464,31,Research & Development,Laboratory Technician,3722,Yes,4,2,1,3,2,Yes
1465,45,Research & Development,Manufacturing Director,9380,Yes,4,3,4,3,1,No
1466,48,Sales,Sales Executive,5486,No,1,2,3,3,2,No
1467,34,Human Resources,Human Resources,2742,No,3,2,3,3,2,Yes
1468,40,Research & Development,Research Director,13757,No,2,9,3,3,4,No
1469,28,Sales,Sales Executive,8463,No,1,5,3,3,1,No
1471,44,Research & Development,Laboratory Technician,3162,No,3,5,3,3,0,No
1472,53,Research & Development,Research Director,16598,No,2,9,2,3,8,No
1473,49,Research & Development,Healthcare Representative,6651,No,3,3,2,3,1,No
1474,40,Research & Development,Research Scientist,2345,No,3,3,4,3,1,No
1475,44,Research & Development,Research Scientist,3420,No,2,5,2,3,1,No
1477,33,Sales,Sales Executive,4373,No,1,4,3,3,0,No
1478,34,Sales,Sales Executive,4759,No,1,13,3,3,3,No
1479,30,Sales,Sales Executive,5301,No,3,2,2,3,2,No
1480,42,Research & Development,Laboratory Technician,3673,No,4,12,3,3,5,No
1481,44,Sales,Sales Executive,4768,No,3,1,2,3,0,No
1482,30,Research & Development,Research Scientist,1274,No,3,1,2,3,0,No
1483,57,Research & Development,Research Scientist,4900,No,3,12,2,4,2,No
1484,49,Research & Development,Healthcare Representative,10466,No,2,8,3,3,0,No
1485,34,Research & Development,Research Director,17007,No,1,14,2,3,6,No
1486,28,Sales,Sales Representative,2909,No,3,3,4,3,1,Yes
1487,29,Sales,Sales Executive,5765,No,2,5,1,3,0,Yes
1489,34,Sales,Sales Executive,4599,Yes,2,15,4,4,10,Yes
1492,35,Sales,Sales Representative,2404,No,3,1,3,3,0,No
1494,24,Research & Development,Laboratory Technician,3172,Yes,1,0,2,3,0,Yes
1495,24,Sales,Sales Representative,2033,No,2,1,3,3,0,No
1496,44,Research & Development,Manufacturing Director,10209,Yes,3,2,2,3,2,No
1497,29,Sales,Sales Executive,8620,No,3,10,3,3,0,No
1499,30,Human Resources,Human Resources,2064,No,3,5,4,4,1,No
1501,55,Research & Development,Healthcare Representative,4035,Yes,3,3,3,3,1,No
1502,33,Research & Development,Laboratory Technician,3838,No,2,5,3,3,0,No
1503,47,Sales,Sales Executive,4591,Yes,3,5,2,3,1,No
1504,28,Research & Development,Laboratory Technician,2561,No,1,0,2,3,0,Yes
1506,28,Research & Development,Research Scientist,1563,No,3,1,1,3,0,No
1507,28,Sales,Sales Executive,4898,No,1,4,3,3,1,No
1509,49,Research & Development,Laboratory Technician,4789,No,1,3,3,4,1,No
1513,29,Research & Development,Laboratory Technician,3180,No,2,3,3,3,0,No
1514,28,Research & Development,Manufacturing Director,6549,No,2,8,2,3,1,No
1515,33,Research & Development,Healthcare Representative,6388,Yes,3,0,3,3,0,No
1516,32,Research & Development,Manager,11244,No,4,5,4,4,0,No
1520,54,Research & Development,Manager,16032,No,4,14,3,4,1,No
1522,29,Research & Development,Research Scientist,2362,No,1,9,1,3,0,Yes
1523,44,Research & Development,Research Director,16328,No,1,20,4,3,14,No
1525,39,Research & Development,Manufacturing Director,8376,No,2,2,3,3,2,No
1527,46,Sales,Manager,16606,No,2,13,4,3,5,No
1529,35,Research & Development,Healthcare Representative,8606,No,2,11,1,3,3,No
1533,23,Research & Development,Laboratory Technician,2272,No,3,4,3,3,1,No
1534,40,Research & Development,Laboratory Technician,2018,No,1,5,1,3,1,Yes
1535,34,Sales,Sales Executive,7083,Yes,3,10,3,3,8,No
1537,31,Research & Development,Research Scientist,4084,No,3,7,1,3,7,Yes
1539,50,Research & Development,Research Director,14411,Yes,4,32,3,3,13,No
1541,34,Sales,Sales Representative,2308,Yes,3,11,3,4,5,No
1542,42,Research & Development,Laboratory Technician,4841,No,2,1,3,3,0,No
1543,37,Research & Development,Research Scientist,4285,No,4,10,3,3,3,No
1544,29,Research & Development,Healthcare Representative,9715,No,1,7,3,3,0,No
1545,33,Research & Development,Manufacturing Director,4320,No,2,5,3,3,0,No
1546,45,Research & Development,Research Scientist,2132,No,4,5,3,4,0,No
1547,42,Research & Development,Healthcare Representative,10124,Yes,4,20,1,3,13,No
1548,40,Sales,Sales Executive,5473,No,1,8,4,3,7,No
1549,33,Research & Development,Laboratory Technician,5207,Yes,3,15,3,3,5,No
1550,40,Human Resources,Manager,16437,Yes,4,21,3,4,7,No
1551,24,Research & Development,Laboratory Technician,2296,No,1,1,3,3,0,No
1552,40,Research & Development,Healthcare Representative,4069,Yes,4,2,3,3,2,No
1553,45,Research & Development,Healthcare Representative,7441,No,2,10,3,3,7,No
1554,35,Sales,Sales Representative,2430,No,3,5,3,4,4,No
1555,32,Research & Development,Research Scientist,5878,No,2,7,3,3,2,No
1556,36,Sales,Sales Representative,2644,Yes,4,3,2,4,1,No
1557,48,Sales,Sales Executive,6439,No,3,8,3,3,7,No
1558,29,Research & Development,Research Scientist,2451,No,3,1,2,3,0,No
1560,33,Sales,Sales Executive,6392,No,1,2,1,3,2,No
1562,30,Sales,Sales Executive,9714,No,1,10,3,3,6,Yes
1563,38,Human Resources,Human Resources,6077,No,3,6,3,3,1,No
1564,35,Research & Development,Laboratory Technician,2450,No,1,3,3,3,1,No
1568,30,Sales,Sales Executive,9250,No,2,4,3,3,1,No
1569,35,Research & Development,Laboratory Technician,2074,Yes,1,1,3,3,0,Yes
1572,53,Research & Development,Manufacturing Director,10169,No,4,33,3,3,1,Yes
1573,38,Research & Development,Manufacturing Director,4855,No,2,5,3,3,1,Yes
1574,32,Research & Development,Research Scientist,4087,No,1,6,2,3,1,No
1576,48,Research & Development,Research Scientist,2367,No,1,8,2,3,7,No
1577,34,Research & Development,Research Scientist,2972,No,4,1,1,3,0,No
1578,55,Sales,Manager,19586,No,4,36,3,4,2,No
1580,34,Research & Development,Research Scientist,5484,No,4,2,2,3,2,No
1581,26,Research & Development,Research Scientist,2061,No,4,1,3,4,0,No
1582,38,Sales,Sales Executive,9924,No,2,9,3,3,7,No
1583,38,Sales,Sales Executive,4198,No,2,3,4,3,1,No
1585,36,Sales,Sales Executive,6815,No,3,1,3,3,0,No
1586,29,Research & Development,Laboratory Technician,4723,Yes,1,10,3,3,1,No
1587,35,Research & Development,Healthcare Representative,6142,Yes,3,5,3,3,0,No
1588,39,Sales,Sales Executive,8237,No,3,7,3,3,7,No
1590,29,Research & Development,Healthcare Representative,8853,No,4,6,4,3,1,No
1591,50,Sales,Manager,19331,Yes,3,1,3,3,0,No
1592,23,Research & Development,Research Scientist,2073,No,3,2,3,3,2,No
1594,36,Research & Development,Laboratory Technician,5562,Yes,1,3,3,3,0,No
1595,42,Research & Development,Manager,19613,No,4,1,3,4,0,No
1596,35,Research & Development,Laboratory Technician,3407,No,3,10,2,3,6,No
1597,34,Research & Development,Healthcare Representative,5063,No,3,8,2,3,7,No
1598,40,Sales,Sales Executive,4639,No,1,5,3,3,1,No
1599,43,Research & Development,Laboratory Technician,4876,No,2,6,3,3,0,No
1601,35,Research & Development,Laboratory Technician,2690,No,4,1,2,3,0,No
1602,46,Sales,Manager,17567,No,1,26,1,3,0,No
1604,28,Research & Development,Laboratory Technician,2408,Yes,2,1,3,3,0,Yes
1605,22,Research & Development,Research Scientist,2814,Yes,3,4,2,3,1,No
1606,50,Research & Development,Healthcare Representative,11245,Yes,3,30,3,3,12,No
1607,32,Research & Development,Research Scientist,3312,No,4,3,3,3,0,No
1608,44,Research & Development,Research Director,19049,Yes,4,22,2,3,1,No
1609,30,Research & Development,Research Scientist,2141,No,2,6,2,3,1,No
1611,45,Research & Development,Laboratory Technician,5769,Yes,1,10,3,3,1,No
1612,45,Sales,Sales Executive,4385,No,1,10,3,3,4,No
1613,31,Sales,Sales Executive,5332,No,1,5,3,3,0,No
1614,36,Research & Development,Manufacturing Director,4663,Yes,3,3,3,3,1,No
1615,34,Research & Development,Manufacturing Director,4724,No,4,9,3,3,7,No
1617,49,Research & Development,Laboratory Technician,3211,No,1,9,2,3,1,No
1618,39,Research & Development,Manufacturing Director,5377,No,1,7,3,3,7,No
1619,27,Research & Development,Laboratory Technician,4066,No,1,7,3,3,0,No
1621,35,Research & Development,Research Scientist,5208,No,1,16,3,3,1,No
1622,28,Research & Development,Manufacturing Director,4877,No,1,5,2,4,0,No
1623,21,Research & Development,Research Scientist,3117,No,4,2,3,3,2,No
1624,18,Sales,Sales Representative,1569,Yes,4,0,4,3,0,Yes
1625,47,Human Resources,Manager,19658,No,3,5,3,3,1,No
1627,39,Research & Development,Laboratory Technician,3069,No,3,10,3,3,0,No
1628,40,Research & Development,Manufacturing Director,10435,No,3,18,3,3,14,No
1630,35,Research & Development,Healthcare Representative,4148,No,3,14,3,3,2,No
1631,37,Research & Development,Manufacturing Director,5768,No,3,4,2,3,0,No
1633,39,Research & Development,Manufacturing Director,5042,No,3,9,1,3,3,No
1635,45,Research & Development,Manufacturing Director,5770,No,4,10,3,3,3,No
1638,38,Research & Development,Manufacturing Director,7756,Yes,3,5,4,3,0,No
1639,35,Sales,Sales Executive,10306,No,1,13,3,3,6,Yes
1640,37,Research & Development,Research Scientist,3936,No,2,8,1,3,7,No
1641,40,Research & Development,Manufacturing Director,7945,Yes,4,4,2,3,3,No
1642,44,Human Resources,Human Resources,5743,Yes,4,10,3,3,0,No
1644,48,Research & Development,Manager,15202,No,4,2,3,4,2,No
1645,35,Sales,Sales Executive,5440,Yes,4,2,2,3,2,Yes
1646,24,Research & Development,Research Scientist,3760,Yes,4,6,3,3,1,No
1647,27,Research & Development,Research Scientist,3517,No,3,3,3,3,0,No
1648,27,Research & Development,Research Scientist,2580,No,4,4,2,3,1,No
1649,40,Research & Development,Laboratory Technician,2166,Yes,1,4,1,3,0,Yes
1650,29,Sales,Sales Executive,5869,No,3,5,3,3,1,No
1651,36,Research & Development,Healthcare Representative,8008,No,1,3,3,3,0,No
1653,25,Research & Development,Manufacturing Director,5206,No,3,7,3,3,0,No
1654,39,Research & Development,Manufacturing Director,5295,No,2,5,3,4,1,No
1655,49,Research & Development,Research Director,16413,No,2,4,3,3,1,No
1656,50,Research & Development,Research Director,13269,No,1,14,3,3,1,No
1657,20,Sales,Sales Representative,2783,No,3,2,3,3,2,No
1658,34,Research & Development,Research Scientist,5433,No,2,11,3,3,7,No
1659,36,Research & Development,Laboratory Technician,2013,No,2,4,3,3,1,No
1661,49,Research & Development,Healthcare Representative,13966,Yes,3,15,3,3,2,No
1662,36,Research & Development,Manufacturing Director,4374,No,3,3,3,3,1,No
1664,36,Research & Development,Healthcare Representative,6842,No,1,5,3,4,0,No
1665,54,Research & Development,Manager,17426,No,3,10,3,4,4,No
1666,43,Research & Development,Research Director,17603,No,3,14,3,4,6,No
1667,35,Sales,Sales Executive,4581,Yes,4,11,4,4,6,Yes
1668,38,Research & Development,Research Scientist,4735,No,4,13,4,3,2,No
1669,29,Sales,Sales Executive,4187,Yes,2,10,2,3,0,No
1670,33,Sales,Sales Executive,5505,No,4,6,3,3,0,No
1671,32,Research & Development,Research Scientist,5470,No,2,9,2,3,1,No
1673,31,Sales,Sales Executive,5476,No,4,10,3,3,0,No
1674,49,Research & Development,Laboratory Technician,2587,Yes,1,2,2,3,2,No
1675,38,Research & Development,Laboratory Technician,2440,No,2,4,3,4,3,No
1676,47,Sales,Manager,15972,No,2,3,3,3,1,No
1677,49,Research & Development,Manager,15379,No,3,8,3,3,0,No
1678,41,Sales,Sales Executive,7082,Yes,3,2,3,3,0,No
1680,20,Sales,Sales Representative,2728,No,1,2,3,3,0,No
1681,33,Sales,Sales Executive,5368,Yes,4,6,3,4,1,No
1682,36,Research & Development,Healthcare Representative,5347,No,3,3,2,3,0,No
1683,44,Human Resources,Human Resources,3195,Yes,4,2,3,3,2,No
1684,23,Research & Development,Laboratory Technician,3989,Yes,3,5,3,3,1,Yes
1687,38,Research & Development,Laboratory Technician,3306,No,3,0,2,3,0,No
1689,53,Research & Development,Healthcare Representative,7005,No,4,4,3,3,1,No
1691,48,Sales,Sales Representative,2655,Yes,3,9,3,3,7,Yes
1692,32,Research & Development,Laboratory Technician,1393,No,2,1,3,3,0,Yes
1693,26,Research & Development,Laboratory Technician,2570,No,4,7,3,4,5,No
1694,55,Research & Development,Research Scientist,3537,No,2,4,3,3,1,No
1696,34,Research & Development,Laboratory Technician,3986,No,4,15,4,3,4,No
1697,60,Research & Development,Healthcare Representative,10883,No,4,1,4,4,0,No
1698,33,Research & Development,Laboratory Technician,2028,No,2,14,3,3,2,No
1700,37,Sales,Sales Executive,9525,No,4,6,2,3,1,No
1701,34,Research & Development,Research Scientist,2929,No,4,10,3,3,8,No
1702,23,Sales,Sales Representative,2275,Yes,4,3,3,4,0,Yes
1703,44,Research & Development,Healthcare Representative,7879,Yes,4,8,3,3,6,No
1704,35,Research & Development,Research Scientist,4930,Yes,4,5,4,3,1,No
1706,43,Sales,Sales Executive,7847,Yes,4,10,3,3,8,No
1707,24,Research & Development,Research Scientist,4401,No,3,5,3,3,0,No
1708,41,Sales,Sales Executive,9241,No,3,10,3,3,8,No
1709,29,Research & Development,Laboratory Technician,2974,No,3,5,3,3,1,No
1710,36,Sales,Sales Representative,4502,No,4,13,2,3,6,No
1712,45,Research & Development,Healthcare Representative,10748,No,3,23,2,4,14,No
1714,24,Human Resources,Human Resources,1555,No,3,1,3,3,0,Yes
1716,47,Sales,Sales Executive,12936,No,3,23,1,3,14,Yes
1718,26,Research & Development,Laboratory Technician,2305,No,3,3,4,3,0,No
1719,45,Research & Development,Research Director,16704,No,2,21,3,3,8,No
1720,32,Research & Development,Research Scientist,3433,No,3,5,2,3,1,No
1721,31,Research & Development,Laboratory Technician,3477,No,3,5,4,3,0,No
1722,41,Human Resources,Human Resources,6430,No,2,3,3,3,1,No
1724,40,Research & Development,Manufacturing Director,6516,Yes,1,1,3,3,0,No
1725,24,Research & Development,Laboratory Technician,3907,No,1,6,4,3,1,No
1727,46,Research & Development,Healthcare Representative,5562,No,2,10,3,3,0,No
1728,35,Research & Development,Manufacturing Director,6883,No,3,7,3,3,0,No
1729,30,Research & Development,Research Scientist,2862,No,4,10,2,3,0,No
1731,47,Sales,Sales Executive,4978,No,2,1,1,3,0,No
1732,46,Sales,Sales Executive,10368,Yes,4,10,2,3,0,No
1733,36,Sales,Sales Executive,6134,Yes,1,2,3,3,2,Yes
1734,32,Sales,Sales Executive,6735,No,2,0,3,3,0,Yes
1735,23,Research & Development,Laboratory Technician,3295,No,2,3,1,3,1,No
1736,31,Research & Development,Manufacturing Director,5238,No,4,5,2,4,1,No
1737,39,Research & Development,Laboratory Technician,6472,Yes,4,9,3,3,5,No
1739,32,Sales,Sales Executive,9610,No,3,4,1,3,0,No
1740,40,Sales,Manager,19833,No,2,21,2,3,12,No
1744,45,Human Resources,Human Resources,9756,No,3,5,4,4,0,No
1745,30,Research & Development,Research Scientist,4968,No,1,9,3,3,0,No
1746,24,Human Resources,Human Resources,2145,No,4,2,3,3,2,No
1747,30,Human Resources,Human Resources,2180,No,4,4,2,3,1,Yes
1749,31,Sales,Sales Executive,8346,No,3,5,3,3,0,No
1751,27,Research & Development,Research Scientist,3445,No,4,6,2,3,1,No
1752,29,Sales,Sales Representative,2760,No,2,2,3,3,2,Yes
1753,29,Research & Development,Healthcare Representative,6294,Yes,3,3,4,3,0,No
1754,30,Sales,Sales Executive,7140,No,1,7,3,3,1,No
1755,34,Research & Development,Research Scientist,2932,Yes,4,5,3,3,1,No
1756,33,Sales,Sales Executive,5147,No,2,11,2,3,1,No
1757,49,Sales,Sales Executive,4507,No,4,5,4,3,0,No
1758,33,Sales,Sales Executive,8564,Yes,1,0,2,4,0,Yes
1760,38,Research & Development,Laboratory Technician,2468,No,2,6,2,3,0,No
1761,31,Sales,Sales Executive,8161,No,3,1,3,3,0,Yes
1762,29,Research & Development,Research Scientist,2109,No,1,1,3,3,0,No
1763,30,Research & Development,Healthcare Representative,5294,No,3,7,3,3,1,No
1764,32,Research & Development,Research Scientist,2718,No,2,7,3,3,0,No
1766,38,Research & Development,Healthcare Representative,5811,Yes,4,1,3,3,1,No
1767,43,Research & Development,Research Scientist,2437,Yes,3,1,3,3,0,Yes
1768,42,Research & Development,Laboratory Technician,2766,No,2,5,2,4,0,No
1770,55,Research & Development,Research Director,19038,No,1,1,3,3,0,No
1771,33,Research & Development,Research Scientist,3055,No,2,9,2,3,1,No
1772,41,Research & Development,Laboratory Technician,2289,No,1,5,3,4,0,No
1774,34,Sales,Sales Executive,4001,Yes,3,15,3,3,0,No
1775,53,Research & Development,Manufacturing Director,12965,Yes,3,3,2,4,0,No
1778,43,Human Resources,Human Resources,3539,No,4,9,3,3,1,No
1779,34,Sales,Sales Executive,6029,No,4,2,3,3,2,No
1780,21,Sales,Sales Representative,2679,No,2,1,3,3,1,Yes
1782,38,Research & Development,Laboratory Technician,3702,No,3,5,3,3,0,No
1783,22,Research & Development,Laboratory Technician,2398,Yes,1,1,3,3,0,Yes
1784,31,Sales,Sales Executive,5468,No,4,12,3,3,5,No
1786,51,Research & Development,Manager,13116,No,3,2,3,3,2,No
1787,37,Sales,Sales Executive,4189,No,2,5,3,3,0,No
1789,46,Research & Development,Research Director,19328,Yes,4,2,3,3,2,No
1790,36,Research & Development,Healthcare Representative,8321,Yes,1,12,3,3,5,No
1792,44,Research & Development,Research Scientist,2342,Yes,2,5,2,3,2,Yes
1794,37,Human Resources,Human Resources,4071,No,2,10,2,3,4,No
1797,35,Sales,Sales Executive,5813,Yes,4,10,3,3,7,Yes
1798,33,Research & Development,Research Scientist,3143,No,1,10,3,3,7,No
1799,28,Research & Development,Research Scientist,2044,No,4,5,4,3,0,No
1800,39,Research & Development,Research Director,13464,No,3,4,3,4,2,No
1801,46,Sales,Sales Executive,7991,No,2,2,3,3,2,No
1802,40,Research & Development,Laboratory Technician,3377,No,1,4,2,3,0,No
1803,42,Research & Development,Healthcare Representative,5538,No,1,0,2,3,0,No
1804,35,Research & Development,Manufacturing Director,5762,No,4,7,3,3,1,No
1805,38,Human Resources,Human Resources,2592,No,2,11,3,3,3,No
1807,34,Research & Development,Laboratory Technician,5346,No,1,7,2,3,0,Yes
1809,37,Research & Development,Manufacturing Director,4213,No,1,10,1,3,0,Yes
1812,39,Sales,Sales Executive,4127,No,4,2,3,3,2,No
1813,43,Research & Development,Research Scientist,2438,No,3,3,2,3,1,No
1814,41,Research & Development,Healthcare Representative,6870,No,2,3,1,3,1,No
1815,41,Sales,Sales Executive,10447,Yes,3,22,4,3,13,No
1816,30,Research & Development,Manufacturing Director,9667,No,3,7,3,3,0,No
1818,26,Human Resources,Human Resources,2148,Yes,2,5,3,3,1,Yes
1821,46,Research & Development,Healthcare Representative,8926,No,2,9,4,4,3,Yes
1822,40,Research & Development,Healthcare Representative,6513,No,4,5,3,3,0,No
1823,34,Sales,Sales Executive,6799,No,3,10,3,4,4,No
1824,58,Sales,Manager,16291,No,2,16,2,4,14,No
1826,35,Research & Development,Laboratory Technician,2705,No,3,5,4,3,0,No
1827,47,Research & Development,Manufacturing Director,10333,Yes,2,22,3,3,14,No
1829,40,Research & Development,Healthcare Representative,4448,No,1,7,3,3,7,No
1830,54,Research & Development,Research Scientist,6854,No,4,7,2,3,1,No
1833,31,Sales,Sales Executive,9637,No,1,3,3,3,2,No
1834,28,Research & Development,Research Scientist,3591,No,1,3,3,4,1,No
1835,38,Sales,Sales Representative,5405,Yes,4,4,2,4,0,No
1836,26,Sales,Sales Executive,4684,No,4,5,3,3,1,No
1837,58,Research & Development,Research Director,15787,Yes,3,2,3,3,2,No
1839,18,Research & Development,Research Scientist,1514,No,3,0,1,3,0,No
1842,31,Human Resources,Human Resources,2956,No,1,1,3,3,0,Yes
1844,29,Human Resources,Human Resources,2335,Yes,1,2,3,3,2,Yes
1845,45,Sales,Sales Executive,5154,No,3,8,4,4,5,No
1847,36,Research & Development,Research Scientist,6962,Yes,2,1,3,4,0,No
1849,43,Sales,Sales Executive,5675,No,4,7,3,4,7,No
1850,27,Research & Development,Laboratory Technician,2379,Yes,4,5,2,3,0,No
1852,29,Research & Development,Laboratory Technician,3812,No,4,11,4,3,3,No
1853,32,Sales,Sales Executive,4648,No,4,0,4,3,0,No
1854,42,Research & Development,Research Scientist,2936,No,3,6,2,4,3,No
1856,47,Research & Development,Laboratory Technician,2105,No,3,2,3,3,2,No
1857,46,Research & Development,Manufacturing Director,8578,No,4,9,2,3,4,No
1858,28,Human Resources,Human Resources,2706,No,4,3,3,3,2,No
1859,29,Research & Development,Healthcare Representative,6384,No,3,7,3,3,1,No
1860,42,Research & Development,Laboratory Technician,3968,No,3,0,3,3,0,No
1862,32,Sales,Sales Executive,9907,Yes,2,2,2,3,2,Yes
1863,46,Sales,Sales Executive,13225,No,1,19,3,3,2,No
1864,27,Sales,Sales Representative,3540,No,3,9,3,4,5,No
1865,29,Human Resources,Human Resources,2804,No,2,1,3,3,0,No
1866,43,Research & Development,Manager,19392,No,3,16,3,3,6,No
1867,48,Research & Development,Research Director,19665,No,2,22,3,3,12,No
1868,29,Research & Development,Research Scientist,2439,Yes,4,1,2,4,1,Yes
1869,46,Sales,Sales Executive,7314,No,2,8,3,4,0,Yes
1870,27,Research & Development,Research Scientist,4774,No,1,7,2,3,7,No
1871,39,Research & Development,Research Scientist,3902,No,4,2,3,3,2,No
1873,55,Research & Development,Research Scientist,2662,No,4,5,4,4,0,No
1875,28,Sales,Sales Representative,2856,No,2,1,3,3,0,No
1876,30,Sales,Sales Representative,1081,No,4,1,2,3,0,Yes
1878,22,Research & Development,Research Scientist,2472,Yes,2,1,3,4,0,Yes
1880,36,Sales,Sales Executive,5673,Yes,3,10,3,3,1,No
1881,31,Research & Development,Laboratory Technician,4197,No,3,10,3,3,0,No
1882,34,Sales,Sales Executive,9713,Yes,4,5,3,3,1,No
1883,29,Research & Development,Laboratory Technician,2062,No,1,3,3,3,1,No
1885,37,Research & Development,Research Scientist,4284,Yes,1,5,3,4,0,No
1886,35,Research & Development,Manufacturing Director,4788,Yes,2,3,3,3,0,No
1888,45,Research & Development,Manufacturing Director,5906,No,4,9,2,3,3,No
1890,36,Human Resources,Human Resources,3886,No,4,10,2,4,0,No
1892,40,Research & Development,Manager,16823,No,1,19,3,3,11,No
1893,26,Research & Development,Research Scientist,2933,Yes,3,1,2,3,1,No
1898,27,Sales,Sales Executive,6500,No,3,8,2,3,0,No
1900,48,Research & Development,Manager,17174,No,4,22,3,3,4,No
1903,44,Research & Development,Healthcare Representative,5033,No,1,2,3,3,2,No
1905,34,Research & Development,Research Scientist,2307,Yes,1,5,3,4,3,Yes
1907,56,Research & Development,Laboratory Technician,2587,No,4,4,3,3,1,Yes
1908,36,Sales,Sales Executive,5507,No,2,4,1,3,1,No
1909,41,Sales,Sales Executive,4393,No,2,5,3,4,1,No
1911,42,Research & Development,Research Director,13348,No,1,13,4,3,5,No
1912,31,Sales,Sales Executive,6583,Yes,4,5,3,3,1,No
1915,34,Sales,Sales Executive,8103,Yes,4,4,2,3,0,No
1916,31,Research & Development,Laboratory Technician,3978,No,3,2,2,3,2,No
1918,26,Research & Development,Laboratory Technician,2544,No,4,7,3,3,7,No
1922,45,Research & Development,Healthcare Representative,5399,No,3,4,3,3,0,No
1924,33,Sales,Sales Executive,5487,No,3,10,2,3,0,No
1927,28,Sales,Sales Executive,6834,Yes,4,7,3,3,0,No
1928,29,Sales,Sales Representative,1091,No,1,1,3,3,0,Yes
1929,39,Sales,Sales Executive,5736,No,3,3,3,3,1,No
1931,27,Research & Development,Research Scientist,2226,No,2,5,2,3,1,No
1932,34,Research & Development,Research Scientist,5747,Yes,4,15,3,3,6,No
1933,28,Sales,Sales Executive,9854,Yes,3,2,3,3,2,Yes
1934,47,Research & Development,Research Scientist,5467,No,2,8,4,3,1,No
1935,56,Sales,Sales Executive,5380,No,1,0,3,3,0,No
1936,39,Research & Development,Manufacturing Director,5151,No,1,10,3,4,7,No
1937,38,Research & Development,Research Scientist,2133,Yes,2,20,3,3,0,No
1938,58,Sales,Manager,17875,Yes,4,1,2,3,0,No
1939,32,Research & Development,Research Scientist,2432,Yes,3,4,3,3,0,Yes
1940,38,Research & Development,Research Scientist,4771,No,4,5,4,3,0,No
1941,49,Research & Development,Research Director,19161,No,4,5,3,3,4,No
1943,42,Sales,Sales Executive,5087,Yes,4,0,3,3,0,No
1944,27,Human Resources,Human Resources,2863,No,2,1,3,3,0,Yes
1945,35,Sales,Sales Executive,5561,No,1,5,1,3,0,No
1947,28,Research & Development,Research Scientist,2144,No,3,5,2,3,1,No
1948,31,Research & Development,Research Scientist,3065,Yes,1,4,4,3,2,No
1949,36,Research & Development,Laboratory Technician,2810,No,2,5,3,4,0,No
1950,34,Sales,Sales Executive,9888,No,4,14,2,4,2,No
1951,34,Sales,Sales Executive,8628,No,3,8,2,3,1,No
1952,26,Research & Development,Laboratory Technician,2867,No,1,7,2,3,7,No
1954,29,Research & Development,Healthcare Representative,5373,No,1,5,2,3,0,No
1955,32,Research & Development,Healthcare Representative,6667,No,4,5,3,3,1,No
1956,31,Research & Development,Research Scientist,5003,No,1,10,3,4,8,No
1960,28,Research & Development,Laboratory Technician,2367,No,4,4,2,3,0,Yes
1961,38,Sales,Sales Representative,2858,No,1,1,2,3,0,No
1962,35,Sales,Sales Executive,5204,Yes,4,10,3,3,0,No
1965,27,Sales,Sales Executive,4105,No,4,7,3,3,0,No
1966,32,Research & Development,Manufacturing Director,9679,No,4,1,3,4,0,No
1967,31,Sales,Sales Executive,5617,Yes,4,10,3,3,0,Yes
1968,53,Sales,Sales Executive,10448,Yes,1,2,2,3,2,Yes
1969,54,Research & Development,Research Scientist,2897,No,3,4,2,3,2,No
1970,33,Research & Development,Healthcare Representative,5968,No,3,9,3,4,2,No
1971,43,Research & Development,Healthcare Representative,7510,No,3,10,3,3,0,No
1972,38,Human Resources,Human Resources,2991,Yes,2,6,3,3,1,No
1973,55,Human Resources,Manager,19636,Yes,2,10,3,3,1,No
1974,31,Research & Development,Laboratory Technician,1129,Yes,4,1,3,3,0,No
1975,39,Sales,Sales Executive,13341,No,1,20,3,3,11,No
1976,42,Research & Development,Research Scientist,4332,No,3,20,3,3,3,No
1979,31,Research & Development,Research Director,11031,No,3,11,4,4,4,No
1980,54,Research & Development,Manufacturing Director,4440,Yes,1,5,3,3,1,No
1981,24,Research & Development,Healthcare Representative,4617,No,3,4,2,3,1,No
1982,23,Research & Development,Laboratory Technician,2647,No,4,5,4,3,1,No
1985,40,Research & Development,Laboratory Technician,6323,No,3,10,4,3,9,No
1986,40,Sales,Sales Executive,5677,No,2,11,3,3,5,No
1987,25,Human Resources,Human Resources,2187,No,2,2,3,3,1,No
1989,30,Research & Development,Laboratory Technician,3748,No,2,12,2,3,1,No
1992,25,Research & Development,Laboratory Technician,3977,Yes,3,2,2,3,0,No
1993,47,Research & Development,Healthcare Representative,8633,No,3,17,3,4,12,No
1994,33,Research & Development,Laboratory Technician,2008,No,3,1,2,3,0,No
1995,38,Sales,Sales Executive,4440,No,2,15,3,3,5,No
1996,31,Sales,Sales Representative,3067,No,3,2,3,3,1,No
1997,38,Research & Development,Manufacturing Director,5321,No,3,8,3,3,7,No
1998,42,Research & Development,Research Scientist,5410,Yes,1,4,2,3,1,No
1999,41,Research & Development,Research Scientist,2782,No,4,5,3,4,1,No
2000,47,Research & Development,Research Director,11957,No,2,13,1,3,5,No
2003,35,Research & Development,Laboratory Technician,2660,Yes,3,2,3,3,2,No
2007,22,Research & Development,Research Scientist,3375,No,3,3,4,3,1,No
2008,35,Research & Development,Research Scientist,5098,No,3,10,3,3,0,No
2009,33,Research & Development,Healthcare Representative,4878,Yes,4,9,3,3,8,No
2010,32,Research & Development,Laboratory Technician,2837,No,2,6,3,3,4,No
2012,40,Research & Development,Laboratory Technician,2406,No,4,1,2,3,0,No
2013,32,Sales,Sales Representative,2269,No,2,2,3,3,2,No
2014,39,Research & Development,Research Scientist,4108,No,4,7,3,3,1,No
2015,38,Research & Development,Research Director,13206,No,3,18,3,3,1,No
2016,32,Sales,Sales Executive,10422,No,4,14,3,3,5,No
2017,37,Research & Development,Research Director,13744,Yes,4,16,3,4,6,No
2018,25,Sales,Sales Executive,4907,Yes,3,5,2,4,0,No
2019,52,Sales,Sales Representative,3482,No,4,9,2,3,0,No
2020,44,Research & Development,Research Scientist,2436,Yes,4,4,3,3,1,No
2021,21,Sales,Sales Representative,2380,Yes,1,2,3,3,1,No
2022,39,Research & Development,Manager,19431,No,4,6,2,3,1,No
2023,23,Sales,Sales Representative,1790,No,1,1,2,3,1,Yes
2024,36,Sales,Sales Executive,7644,No,4,9,3,3,3,No
2025,36,Research & Development,Manufacturing Director,5131,No,2,4,3,3,0,No
2026,56,Research & Development,Healthcare Representative,6306,No,3,13,2,4,1,No
2027,29,Research & Development,Research Scientist,4787,Yes,4,2,4,3,2,Yes
2031,42,Research & Development,Manager,18880,No,3,22,2,3,4,No
2032,56,Research & Development,Laboratory Technician,2339,No,3,10,1,3,9,Yes
2034,41,Research & Development,Manufacturing Director,13570,No,2,20,3,4,0,No
2035,34,Sales,Sales Executive,6712,No,3,8,3,4,1,No
2036,36,Sales,Sales Executive,5406,No,4,15,2,4,11,No
2037,41,Sales,Sales Executive,8938,No,2,5,3,3,0,No
2038,32,Research & Development,Research Scientist,2439,No,1,4,3,3,1,No
2040,35,Human Resources,Human Resources,8837,Yes,4,9,3,3,1,No
2041,38,Sales,Sales Executive,5343,No,4,10,3,3,1,No
2044,50,Sales,Sales Executive,6728,No,3,6,3,3,0,Yes
2045,36,Sales,Sales Executive,6652,No,4,6,2,3,0,No
2046,45,Sales,Sales Executive,4850,No,3,5,3,3,0,No
2048,40,Research & Development,Research Scientist,2809,No,3,2,3,3,2,No
2049,35,Research & Development,Healthcare Representative,5689,Yes,3,10,4,3,0,No
2051,40,Research & Development,Research Scientist,2001,No,3,5,3,3,0,No
2052,35,Research & Development,Research Scientist,2977,No,4,4,3,3,1,No
2053,29,Research & Development,Laboratory Technician,4025,Yes,2,4,3,3,0,No
2054,29,Research & Development,Research Scientist,3785,No,1,5,1,3,0,No
2055,50,Sales,Sales Executive,10854,Yes,1,3,3,3,2,Yes
2056,39,Sales,Sales Executive,12031,No,4,20,2,3,9,No
2057,31,Research & Development,Manufacturing Director,9936,No,1,9,3,3,1,No
2060,26,Sales,Sales Representative,2966,No,3,4,3,3,0,No
2061,36,Research & Development,Laboratory Technician,2571,No,4,5,3,3,0,No
2062,39,Research & Development,Healthcare Representative,9991,No,1,7,3,3,1,No
2064,27,Research & Development,Manufacturing Director,6142,Yes,2,6,3,4,0,No
2065,49,Sales,Sales Executive,5390,No,2,9,2,3,0,No
2068,34,Research & Development,Laboratory Technician,4404,No,3,4,4,3,1,No
